level,id,label,description,value,parent,density,density_rank,density_rank_percentile
1,1_7,教育と福祉の包括的支援体制の強化,障がいのある子どもや不登校児童、発達障害児、その家族に対する支援が多方面で不足している現状を踏まえ、教育と福祉の両面からの包括的な支援体制の強化が求められています。具体的には、個別支援体制の整備、教育制度の柔軟性向上、感情教育や性教育の充実、経済的支援の拡充、そして地域間の格差是正が重要な課題として挙げられています。また、教育機会の平等性や質の向上、リスキリング支援の充実も必要であり、全ての子どもたちが平等に質の高い教育を受けられる環境の整備が急務です。,2036,0,1.0267986136335565,15.0,0.75
1,1_18,透明性と公正性を重視した持続可能な政策形成の必要性,現行の政策形成や行政運営において、透明性や公正性の欠如が国民生活や経済活動に深刻な影響を及ぼしています。特に、政策決定プロセスの硬直性や情報の不透明さが、迅速な対応や柔軟な修正を妨げており、国民の信頼を損なう要因となっています。また、物価高騰や経済不安定性が国民の生活に直接的な影響を与えている中で、持続可能な成長を実現するためには、政策の具体的な目標設定や財源計画の明確化が求められています。これにより、国民が安心して生活できる環境を整え、地域活性化や社会制度の改革を進めることが重要です。,1958,0,0.9991075256011445,16.0,0.8
1,1_12,地域社会の持続可能な発展に向けた行政改革とインフラ整備の強化,地域社会の持続可能な発展を実現するためには、行政サービスの効率化や透明性の向上、交通インフラの整備が不可欠です。特に、地方と都市圏の経済交流を促進するための交通政策の見直しや、公共交通機関の安全性向上が求められています。また、一次産業の振興や中小企業支援の強化、デジタル技術の導入による業務効率化が重要であり、地域固有の魅力を活かした新たな価値創出が期待されています。さらに、国際競争力を高めるための産業政策の改善や、住民参加を促進する仕組みの構築が必要です。,1117,0,1.312970328805703,6.0,0.3
1,1_9,行政手続きと教育環境の効率化に向けた包括的改革の必要性,行政手続きの煩雑さや教育現場の人材育成に関する課題が浮き彫りになっており、これらの問題を解決するための包括的な改革が求められています。具体的には、行政手続きのデジタル化や業務効率化、教育現場における教員の働き方改革や専門性の向上が重要です。また、労働環境の改善や多様な働き方の推進、研究資金の適切な配分と透明性の向上も必要であり、これらの要素が相互に関連し合い、持続可能な社会の実現に寄与することが期待されています。,1348,0,1.152650539514267,10.0,0.5
1,1_5,医療制度の持続可能性と患者中心のアプローチの強化,医療制度の持続可能性を確保するためには、患者のニーズや健康管理の重要性を重視した政策が求められています。具体的には、医療情報の共有や多言語対応の強化、医療従事者の待遇改善、そして経済的理由による医療アクセスの制限を解消するための取り組みが必要です。また、治療成果評価において患者の個別事情を考慮し、産後ケアや難病患者への具体的な支援を充実させることが重要です。これにより、医療サービスの質を向上させ、全ての人々が公平に医療を受けられる環境を整えることが期待されます。,1781,0,0.9874552887021268,17.0,0.85
1,1_14,AI技術の導入における倫理的透明性と責任の確立,AI技術の急速な進展に伴い、倫理的な責任や透明性の確保が重要な課題となっています。特に、AIの導入に際しては、利用者の権利やクリエイターの権利保護が不十分であり、これが社会的信頼の低下を招いています。また、教育現場や産業界においても、AI活用に関する具体的な指針や支援策が不足しており、これが技術の導入を妨げる要因となっています。さらに、AIの利用に伴うリスクやバイアスの問題、情報リテラシーの不足が新たな格差を生む可能性があるため、これらの課題に対する包括的な対策が求められています。,1400,0,1.293435531643547,7.0,0.35
1,1_3,子育て支援制度の強化と母親の健康維持に向けた包括的アプローチ,子育て世帯や母親が直面する多様な課題に対して、経済的支援や制度の見直しが求められています。特に、産後ケアの充実や不妊治療への支援、育児参加の促進が重要視されており、母親の心身の健康維持や育児環境の改善が急務です。また、少子化問題に対する包括的な政策や社会的認識の強化が必要であり、特に孤立感の解消や育児に関する支援の公平性を高めることが求められています。,918,0,1.0734307864104036,14.0,0.7
1,1_10,日本の安全保障と情報管理の強化に向けた包括的な取り組み,日本の安全保障政策や情報管理に関する現状の課題を包括的に見直し、具体的な対策を講じる必要性が強調されています。特に、外交・防衛政策の透明性や国民の信頼確保、SNS利用者の安全性向上、情報アクセスの平等性、そして災害時の情報共有体制の強化が求められています。また、性犯罪やいじめ問題に対する実効性のある対策、サイバーセキュリティの強化、国土の強靭化に向けた具体的な施策が必要であり、これらの課題に対する包括的な改革が急務であるという共通の認識が見られます。,1498,0,1.1248356909930155,11.0,0.55
1,1_16,政策透明性と市民参加の強化に向けた具体的な取り組み,政策決定プロセスにおける透明性の向上と市民参加の促進が求められています。具体的には、政策の進捗状況や公約の実行状況を明確に示すこと、また市民の意見を反映させるための仕組みを整備することが重要です。特に、若者や多様な人材が政治に参加する機会を増やし、意見収集の方法を多様化することで、民主主義の健全性を高めることが期待されています。また、政策形成において科学的根拠を重視し、透明性を確保することで、国民の信頼を回復し、より良い政策の実現に繋がると考えられています。,1535,0,1.0803119963943055,13.0,0.65
1,1_11,持続可能な食料供給と技術革新による国際競争力の強化,日本の食料自給率の向上と食料安全保障の強化に向けた具体的な施策が求められています。特に、農業分野における先端技術の導入やデジタルトランスフォーメーションの推進が重要であり、これにより生産性の向上や担い手不足の解消が期待されています。また、科学技術政策の多様性や国際競争力の強化に向けた投資の必要性が指摘されており、持続可能な農林水産業の確立に向けた政策の見直しが求められています。さらに、環境保護と資源管理の統合的アプローチが必要であり、テクノロジーの社会的影響や倫理的課題への対応も重要なテーマとなっています。,809,0,1.2929654266421817,8.0,0.4
1,1_2,子どもたちの権利と安全を守るための包括的な支援体制の強化,子どもたちが安心して成長できる環境を整えるためには、権利の保障や安全な居場所の確保が不可欠です。特に、子どもたちが直面する多様な困難に対して、包括的な支援体制を構築することが求められています。具体的には、育児支援制度の充実、保育士の待遇改善、地域連携による子育て支援の強化、そして子どもたち自身の声を反映した政策形成が必要です。また、育児と仕事の両立を支援する制度の整備や、子どもたちが安全に過ごせる環境の確保も重要な課題です。,1477,0,1.09677056359996,12.0,0.6
1,1_8,デジタル化の遅れと社会的影響の解消に向けた取り組み,日本におけるデジタル化の進展が遅れていることに対する懸念が多くの分野で見られ、特にデジタルデバイドやデジタルトランスフォーメーション（DX）の推進不足が指摘されています。これにより、行政サービスや福祉政策、教育分野において利用者が十分な支援を受けられない状況が生じており、特に高齢者や情報弱者が取り残されるリスクが高まっています。また、デジタル技術の導入が進まないことで、社会全体の効率性や信頼性が損なわれているため、具体的なアクションプランや包摂的な政策の実施が求められています。,746,0,1.6043739665241459,3.0,0.15
1,1_20,移民政策と外国人受け入れに関する安全保障と社会的調和の確立,移民政策や外国人受け入れに関する現行の制度が社会的要請に応じていないことや、外国人による不動産取得が国土保全や安全保障に与える影響についての懸念が強調されています。また、外国人との共生社会の実現に向けた具体的な政策の不足や、観光業の持続可能性に対する影響も指摘されています。これらの意見は、外国人に対する法の厳正な適用や透明性の向上、社会保障制度の改善、オーバーツーリズムへの対策など、国民と外国人が共に暮らすための具体的な施策が求められていることを示しています。,444,0,1.8015042589142907,2.0,0.1
1,1_17,世代間の経済的負担軽減と社会保障制度の持続可能性の確保,現代社会における世代間の経済的不均衡や社会的課題に対する包括的なアプローチが求められています。特に、少子高齢化や多様なライフスタイルの変化に伴う社会保障制度の見直しが急務であり、現役世代への過重な負担を軽減するための具体的な施策が必要です。また、税制の透明性や公平性の向上、生活保護制度の改善、被害者支援体制の強化など、社会全体の持続可能性を高めるための取り組みが重要視されています。これにより、世代間の信頼関係を築き、全ての人々が安心して生活できる社会の実現を目指します。,1531,0,0.9855574879517988,18.0,0.9
1,1_13,持続可能なエネルギー政策の再構築と透明性の確保,日本のエネルギー政策は、持続可能性や安全性、透明性において多くの課題を抱えています。特に、再生可能エネルギーの導入が遅れていることや、原子力政策におけるリスク評価や放射性廃棄物処理の不備が指摘されています。また、国民の負担感や地域特性の活用が不十分であり、エネルギー自給率の向上や新技術の導入が求められています。これらの問題を解決するためには、政策の明確化や具体的な実行策の策定が必要であり、持続可能なエネルギー利用を促進するための包括的な見直しが求められています。,967,0,1.5850996824324624,4.0,0.2
1,1_1,多様な家族形態と個人の権利を尊重する制度改革の必要性,現行の結婚制度や家族法制が多様な家族形態や個人の選択を十分に尊重していないことに対する懸念が高まっています。特に、選択的夫婦別姓制度や同性婚の法制化が未整備であることが、個人の自由やアイデンティティの制約を引き起こしており、ジェンダー平等の実現にも影響を及ぼしています。また、婚活における経済的・社会的障壁や、結婚に対する無意識の偏見が未婚化を助長している現状も指摘されています。これらの問題に対処するためには、法制度の見直しや具体的な政策の策定が求められています。,659,0,0.8734875696063067,20.0,1.0
1,1_15,デジタル民主主義の強化と選挙制度の革新による市民参加の促進,デジタル民主主義の発展に向けて、現行の選挙制度や投票プロセスの改革が求められています。特に、投票率向上のための利便性や信頼性の向上、インターネット投票の導入、選挙制度の透明性と公平性の確保が重要です。また、デジタル環境での市民参加を促進するためには、偽情報や情報操作のリスクに対処し、すべての世代が参加できる基盤を整える必要があります。これにより、民主主義の質を向上させ、国民の声を政策に反映させることが期待されています。,670,0,1.190321653149152,9.0,0.45
1,1_4,医療データのデジタル化と標準化による効率的な情報管理の推進,医療分野におけるデジタル化の遅れや電子カルテ、マイナンバーカード、母子手帳、障害者手帳などの情報管理の非効率性が指摘されています。特に、デジタル母子手帳や障害者手帳の導入に際しては、プライバシー保護や情報連携の課題が浮き彫りになっており、医療データの標準化が進まないことで患者や医療従事者が直面する不便さが強調されています。また、花粉症対策や医療DXの推進においても、政策的な対応や情報基盤の整備が求められており、全体として医療情報の効率的な管理と活用が急務であることが示されています。,303,0,0.9627118172895062,19.0,0.95
1,1_19,制度改革による公平性の確保と皇位継承の安定化,インボイス制度の改革を通じて、事業者間の税負担の不公平感を解消し、特に小規模事業者への影響を軽減することが求められています。また、皇位継承制度においては、安定性の欠如や女性天皇に関する議論の不足が指摘されており、国民的な議論を促進し、皇室の人権や伝統を尊重しつつ安定的な継承を確保する必要性が強調されています。これらの制度改革は、経済や社会における公平性を確保し、国民の信頼を得るために重要です。,97,0,1.5207860737101548,5.0,0.25
1,1_6,就職氷河期世代への包括的支援の必要性,この意見グループは、就職氷河期世代が直面している多様な課題に対する支援が不足していることに焦点を当てています。メンタルケアや雇用の不安定さ、社会保障の網からの漏れ、具体的な支援策の欠如など、彼らが抱える特有の問題に対して、現行の制度や政策が十分に対応できていない現状が強調されています。,54,0,62.474716698479824,1.0,0.05
2,2_55,障がいのある子どもと家族への包括的支援の不足,この意見グループは、障がいのある子どもや医療的ケア児、その家族に対する支援が多方面で不十分であることを指摘しています。具体的には、初期支援、住居支援、教育支援、経済的支援、精神的健康への配慮など、様々なニーズに対する支援体制が整っていないことが共通のテーマとなっています。また、発達障害や特別なニーズを持つ子どもたちへの合理的配慮や早期発見の重要性も強調されており、包括的な支援の必要性が訴えられています。,49,1_7,7.227046802716019,294.0,0.735
2,2_115,不登校児童生徒への包括的支援の必要性と現状の課題,この意見グループは、不登校の子どもたちやその保護者が直面している多様な支援の不足に関するもので、心理的サポート、経済的支援、教育環境の適応、オンライン学習の必要性など、幅広い視点から不登校支援の現状と課題が指摘されています。また、地域による支援の不平等や、従来の制度が現代のニーズに応えられていないことも強調されています。,51,1_7,9.908252228077155,106.0,0.265
2,2_113,行政運営と政策の透明性向上に関する課題,この意見グループは、行政運営や政策における透明性の欠如、責任体制の不明確さ、既存の制度や対策の不十分さに対する懸念が中心です。特に、国民が理解しやすい形での情報提供や、政策の改善が求められており、透明性の向上が重要なテーマとして浮かび上がっています。,84,1_18,7.43805951891892,272.0,0.68
2,2_167,エンジニアチームの役割と政策の透明性向上に向けた課題,この意見グループは、エンジニアチームの役割や運営に関する不透明さ、政策への関与の明確化、そして将来世代への投資の不足など、エンジニアチームの機能や影響力を強化するための課題に焦点を当てています。また、地方から都市圏への物流効率化や運転免許制度の見直しなど、社会全体の効率化や未来への投資に関する意見も含まれており、全体として政策の透明性と持続可能性の向上が求められています。,46,1_12,7.856142964389454,230.0,0.575
2,2_201,行政手続きの煩雑さと利用者負担の軽減,この意見グループは、行政手続きの複雑さが利用者に与える負担に焦点を当てています。具体的には、手続きの煩雑さや一元化の欠如、地域間の格差、行政サービスの連携不足などが挙げられ、これらが国民に時間的・心理的な負担をかけていることが強調されています。また、行政職員が煩雑な手続きに追われることで、サービス向上に繋がらない現状も指摘されています。,82,1_9,7.416959689984741,275.0,0.6875
2,2_0,医療情報の連携と活用の課題,この意見グループは、医療情報の共有や活用に関するさまざまな課題を指摘しています。具体的には、患者データの保護や医療の質に関する情報の可視化不足、医療政策におけるデータ収集の遅れ、匿名化されたデータの活用不足、システム間の連携の不十分さなどが挙げられます。また、医療従事者が最新の情報を得ることが難しい状況や、正確な医療情報の普及が不十分であることも問題視されています。これらの要素が相まって、医療データの有効活用が進まず、患者の治療やウェルビーイングに悪影響を及ぼす可能性があることが強調されています。,83,1_5,12.306049076214846,54.0,0.135
2,2_50,医薬品アクセスと供給体制の課題,この意見グループは、日本における医薬品のアクセスや供給体制に関する多様な問題を指摘しています。緊急避妊薬や処方薬の入手困難、医薬品の流通の非効率性、薬価制度の影響、災害時の供給体制の脆弱性など、患者が必要な医薬品に迅速にアクセスできない状況が強調されています。また、医薬品の適正使用や新薬開発の遅れ、ジェネリック医薬品の質に対する不安、さらには大麻政策に関する議論の不足も含まれ、医療アクセスの向上に向けた取り組みの必要性が示されています。,123,1_5,10.04284162299317,102.0,0.255
2,2_85,政策形成プロセスの透明性と柔軟性の向上,この意見グループは、政策形成における情報の伝達やアクセス性の不足、政策決定プロセスの硬直性、評価の不十分さなど、現行の政策形成システムにおける多様な問題点を指摘しています。特に、政策内容の理解を深めるための透明性や、迅速な修正が可能な柔軟性の欠如が強調されており、これらの改善が求められています。,89,1_18,7.33021990497994,283.0,0.7075
2,2_300,行政政策の透明性と実効性向上に向けた課題,この意見グループは、行政における政策決定や実行に関する責任の不明確さ、政策効果の評価不足、第三者機関との連携の欠如、そしてアジャイルな組織文化の不足など、政策の透明性や実効性を高めるための多様な課題を指摘しています。特に、政策の効果測定や評価基準の不備が、政策の実施や改善において大きな障害となっていることが強調されています。,84,1_18,7.44127787073559,271.0,0.6775
2,2_282,医療評価制度の見直しと専門性の適正評価,この意見グループは、医療評価制度の不備や診療報酬制度の課題に焦点を当てており、医療の質や専門家のレビュー不足、医療者と利用者の視点の反映不足が指摘されています。また、成果連動型報酬制度が患者の背景を考慮していないことや、医療従事者の適正な評価が行われていないことが問題視されており、これらの要素が医療の質や持続可能性に影響を与えている可能性があることを示唆しています。,52,1_5,8.040935743102168,213.0,0.5325
2,2_118,医療アウトカム評価制度の公平性と患者視点の欠如,この意見グループは、医療アウトカム評価制度において現場の視点や患者のニーズが適切に反映されていないこと、評価指標の不十分さや公平性の欠如が指摘されています。特に、治療成果や患者の生活の質（QOL）を評価する際に、個別の背景やリスク調整が不十分であることが問題視されており、制度の目的や有効性が不明確であることが、医療の質を正当に評価できない要因となっています。,70,1_5,9.183908445467742,138.0,0.345
2,2_12,予防医療の重要性と充実度向上の必要性,この意見グループは、予防医療の重要性が十分に認識されていないことや、現行の医療政策や制度が予防医療を十分に支援していない点に焦点を当てています。具体的には、予防医療の施策不足、健診の自由化の遅れ、疾病予防への投資不足、健康的な生活を促進するインセンティブの欠如などが挙げられ、これらの改善が求められています。,73,1_5,11.79486767397882,59.0,0.1475
2,2_119,AI活用における責任と倫理の不透明性,この意見グループは、AIの導入と活用に関する責任や倫理的な側面が不明確であることに焦点を当てています。具体的には、AIチャットボットの情報提供責任、効果的な活用方法、プライバシー保護、社会的影響に対する教育不足、そしてAIと人間の役割分担に関する指針の欠如が問題視されています。また、AIの恩恵を感じにくい人々への啓蒙や、AIの利用に伴う不安の広がりも重要な論点として挙げられています。,59,1_14,8.37658922374855,191.0,0.4775
2,2_276,教育分野におけるAI技術の導入と人材育成の課題,この意見グループは、急速に進展するAI技術に対して教育現場が適切に対応できていない現状を指摘しています。具体的には、教育方針や政策がAI活用に不十分であり、教員のAIリテラシーや技術力の不足、教育システムの変革の必要性が強調されています。また、AI技術を活用した教育の機会やガイドラインの必要性、さらには人材育成の方向性が不明確であることが問題視されています。,128,1_14,12.311566708271043,53.0,0.1325
2,2_244,AI時代における教育とコミュニケーションの課題,この意見グループは、AIの導入が教育やコミュニケーションに与える影響に関する懸念が中心です。特に、AIが思考力やコミュニケーション能力の発達を阻害する可能性、孤立感や将来不安を助長するリスク、そして人間関係やメンタルヘルスへの影響が指摘されています。また、AIの活用が不十分であることや、教育の公平性に関する問題も浮き彫りになっています。,40,1_14,8.34709579233178,193.0,0.4825
2,2_147,産後ケアと母親の健康維持に関する課題,この意見グループは、出産や育児に伴う経済的負担やサポート不足が母親の心身の健康に与える影響についての懸念が中心です。特に、産後ケアの不十分さや産後うつの支援不足、母親の孤立感が強調されており、これらの問題が母親の育児体験を困難にしていることが示されています。また、代理出産に関する倫理的な問題や、産後ケアの利用条件の不明確さも指摘されています。,65,1_3,7.56771108134698,261.0,0.6525
2,2_103,子育て支援制度の公平性と所得制限の見直し,この意見グループは、現在の子育て支援制度における所得制限が不公平であり、特に困窮世帯や特定の家庭が十分な支援を受けられない問題に焦点を当てています。児童手当や特別児童扶養手当の制度改善を求める声が多く、支援の公平性や透明性の向上が求められています。,23,1_3,6.644594369883304,343.0,0.8575
2,2_111,障害者支援の多様性と質の向上に向けた課題,この意見グループは、障害者が直面する多様な生活上の困難や支援の不足に関するもので、特に雇用、医療、福祉、教育などの分野における支援の質や均一性の欠如が指摘されています。また、障害者の権利やアイデンティティの認識不足、長期的な支援の視点が欠けていることも強調されており、これらの課題を解決するための政策や支援の拡充が求められています。,95,1_7,6.943218499213954,319.0,0.7975
2,2_349,医療制度の持続可能性と多様なニーズへの対応不足,この意見グループは、現行の医療制度や高額療養費制度が、治療と仕事の両立、個人の健康リスク行動へのインセンティブ、希少疾患患者への配慮、そして現場のニーズに十分に応えていないことに焦点を当てています。また、医療政策が科学的根拠に基づかず、国民の医療リテラシーの不足や経済的理由による医療サービスへのアクセス制限が問題視されています。これらの要素が相まって、医療制度の持続可能性が脅かされているという懸念が表れています。,62,1_5,8.530205042166928,177.0,0.4425
2,2_75,日本の外交・防衛政策の包括的見直しと強化,この意見グループは、日本の外交・防衛政策におけるさまざまな課題を指摘しており、特に政策の具体性や透明性、国民の信頼確保、情報収集能力の向上、そして国際的な信頼性の向上が求められています。また、専守防衛の原則や日本の主体性、多国間連携の強化についても言及されており、全体として日本の外交・防衛体制の再評価と強化が必要であるという共通の認識が見られます。,55,1_10,8.649855188062656,172.0,0.43
2,2_5,教育現場における人材育成と支援体制の強化,この意見グループは、教育現場における教員や教育関係者のスキルアップやキャリア支援に関する問題点を指摘しています。特に、指導者の不足、教育ツールの選定、キャリアアップの機会、研修後のサポート体制、教育の質の向上に向けた制度の不備などが挙げられ、これらの要素が教育の質や教員の士気に影響を与えていることが強調されています。,65,1_9,6.743112626373136,333.0,0.8325
2,2_318,教育制度の柔軟性と質の向上に向けた包括的改革の必要性,この意見グループは、現行の教育制度が急速な社会変化や技術進化に適応できていないこと、教育の質を保証するための制度が不十分であること、そして生徒の主体性を重視した教育環境の整備が求められている点に焦点を当てています。特に、教育制度の硬直性や伝統的な校則の見直し、先進的な教育モデルの導入、教育バウチャーの必要性など、包括的な改革が必要であるという認識が強調されています。,77,1_7,7.479764692649436,268.0,0.67
2,2_376,政策透明性と説明責任の強化に向けた提言,この意見グループは、政治と行政における透明性の不足や説明責任の欠如に関する懸念が中心です。具体的には、新規政策アイデアの受付や政策の基本原則の不明確さ、進捗状況の不透明さ、公約の実行状況の可視化不足などが挙げられています。これらの問題は、政策の信頼性や効果的な改善に支障をきたしており、より具体的で明確な基準や倫理観の導入が求められています。,58,1_16,7.431344673937964,274.0,0.685
2,2_170,日本における食料自給率と安全保障の強化に関する懸念,この意見グループは、日本の食料自給率の低さや食料安全保障の脆弱性に対する懸念が中心です。食料供給の不安定性や国際情勢の影響、政策の不十分さが指摘されており、これらの問題に対する具体的な対策や改善が求められています。また、食の安全に対する懸念や健康被害の可能性も言及されており、食料政策の見直しが必要とされています。,96,1_11,12.390653972341534,50.0,0.125
2,2_382,農業と防衛分野における先端技術の導入不足,この意見グループは、農業および防衛分野において先端技術の活用が進んでいないことに焦点を当てています。特に、農業分野ではテクノロジーの導入やデジタルトランスフォーメーションが不足しており、無人化技術やICTインフラの整備が不十分であることが指摘されています。また、防衛政策においても技術的優位性の確保が不十分であり、先端技術の導入が国家戦略として明確に認識されていない問題が存在しています。,23,1_11,9.48494661154311,122.0,0.305
2,2_14,社会的公平性と公正性の欠如に関する制度的課題,この意見グループは、現行の給付制度や補助金制度における公平性や公正性の欠如に関する懸念が中心です。特に、経済危機時の迅速な対応や、支援が必要な層へのリソース配分の不適切さ、申請手続きの煩雑さ、社会構造的な不平等、法律や規制の不統一が引き起こす不公平感など、制度設計の問題が多岐にわたって指摘されています。,48,1_18,7.205002243567448,296.0,0.74
2,2_206,教育制度の多様性と質の向上に向けた課題,この意見グループは、現行の教育制度における多様な学力評価方法や教育リソースの不足、教育政策の不十分さに関する懸念が中心です。特に、大学入試や高校入試制度のフェアネス、キャリア教育の支援、地域との連携不足、教育現場の視点が反映されていないことが指摘されており、教育の質向上に向けた具体的な改善策が求められています。,87,1_7,9.495791999573518,120.0,0.3
2,2_60,子どもたちの権利と安全を守るための支援環境の整備,この意見グループは、子どもたちが直面している多様な困難や支援の不足に焦点を当てています。特に、自由な遊びの機会の減少、安全なインターネット利用環境の欠如、特別なニーズを持つ子どもたちへの支援不足、そして子どもたちの権利が尊重されていない現状が強調されています。これらの問題は、子どもたちの健全な成長と発達に深刻な影響を及ぼすため、包括的な支援体制の構築が求められています。,70,1_2,6.986989483865313,314.0,0.785
2,2_228,子どもの安全と福祉の確保に向けた包括的な支援体制の必要性,この意見グループは、公共空間や教育現場における子どもの安全が十分に守られていないという問題意識を共有しており、子どもたちの安全を確保するための支援体制や政策の不足を指摘しています。特に、子ども自身や保護者がSOSを発信できる仕組みや、緊急時の預かり支援、遊び場の安全性、教育機関での安全確保など、さまざまな側面での改善が求められています。,61,1_2,10.869685244346249,82.0,0.205
2,2_94,持続可能なインフラ整備と老朽化対策の必要性,この意見グループは、現在のインフラが老朽化していることや、地域ごとの整備が遅れていることに対する懸念が中心です。また、持続可能なインフラの整備や新技術の導入、国民参加の仕組みの必要性が強調されており、特に交通や物流、通信インフラにおける改善が求められています。,73,1_12,9.383457406380286,128.0,0.32
2,2_278,公共サービスにおけるシステム標準化と利便性向上の課題,この意見グループは、公共サービスにおけるシステムの標準化が進んでいないことによる利便性の低下や、自治体間での非効率なプロセス、情報連携の不足など、公共サービスの質を向上させるための具体的な課題を指摘しています。また、住民が必要な情報やサービスにアクセスしにくい状況や、民間技術の活用不足、持続可能な運用体制の欠如など、幅広い問題が浮き彫りになっています。,91,1_12,7.023302666357771,311.0,0.7775
2,2_44,SNS利用者の安全確保と情報リテラシー向上の必要性,この意見グループは、SNS上での利用者が直面するリスクや誤情報の拡散、オンライン詐欺、サイバー犯罪などの問題に対する懸念が中心です。また、現行の技術や政策が不十分であること、特に情報リテラシー教育の不足が自殺リスクを増加させる可能性についても言及されています。これらの意見は、SNS利用者の安全を確保するための包括的な対策や、情報リテラシーの向上が急務であることを示しています。,43,1_10,7.606257079216301,256.0,0.64
2,2_360,教育機会と学校給食制度の改善による子どもの未来の支援,この意見グループは、経済的理由や既存の価値観が子どもたちの教育や成長に与える影響に焦点を当てています。特に、公立高校における給食の未導入や質の低さが子育て支援や栄養状況に悪影響を及ぼしていることが指摘されており、教育機会の不平等や学校給食制度の改善が求められています。また、経済的・地理的制約により質の高い教育を受けられない子どもたちへの支援の必要性も強調されています。,26,1_7,8.295381009881794,195.0,0.4875
2,2_97,AI学習データの権利保護と透明性の欠如,この意見グループは、AIの学習データに対する権利保護が不十分であり、特に個人データの利用に関するオプトアウト権や透明性の欠如が問題視されています。また、厳格な許諾義務がAI開発を阻害する可能性や、AIの限界に対する理解不足が過信や依存を招く懸念も含まれています。これらの要素が、クリエイティブなエコシステムや知的財産権の保護に対する脅威となることが指摘されています。,15,1_14,6.551407571450031,348.0,0.87
2,2_70,AI活用における倫理的責任と公平性の確保,この意見グループは、AIの活用に伴う倫理的な問題や責任の所在が曖昧であること、またAIの公平性や信頼性に関する懸念が中心です。特に、AIによるバイアスの反映や判断プロセスのブラックボックス化、倫理的配慮の不足が指摘されており、これらが社会制度の公平性や市民の信頼に影響を与える可能性があることが強調されています。,130,1_14,9.546359692725325,116.0,0.29
2,2_227,個人事業主と育児家庭への支援不足の総合的な問題,この意見グループは、個人事業主や育児中の家庭が直面している経済的支援の不足に関する様々な視点を反映しています。特に、育児に専念したい親や多胎家庭、早産児の親など、特定のニーズを持つ家庭に対する支援が不十分であることが強調されています。また、育児支援政策が家庭の実情に合っていないことや、過度な自己責任論が影響を及ぼしている点も指摘されています。,66,1_2,6.968755261345513,317.0,0.7925
2,2_231,交通インフラの整備と安全性向上の必要性,この意見グループは、交通違反や事故の問題を解決するために、交通インフラの整備が急務であることを強調しています。自転車専用レーンの設置や安全な通学路の確保、公共交通機関の安全性向上、さらにはデジタル技術を活用した安全な走行環境の整備が求められています。また、地方における歩行者や自転車の通行の安全性、上下水道の老朽化、観光インフラの整備など、地域全体の交通環境の改善が必要であるという意見が集まっています。,58,1_12,6.469033181130117,356.0,0.89
2,2_33,医療制度における公平性と負担軽減の必要性,この意見グループは、現行の医療制度が患者に与える手続き的負担や経済的負担の不公平性に焦点を当てています。特に、世代間や所得に基づく不公平、慢性疾患や難病患者への過度な負担、医療サービスへのアクセスの制限などが問題視されており、これらの課題を解決するための制度改革や負担軽減の必要性が強調されています。,75,1_5,9.572033840480717,114.0,0.285
2,2_288,難病患者と経済的負担に関する支援不足,この意見グループは、難病患者や特定の医療ニーズを持つ患者に対する支援が不十分であること、特に経済的負担が大きい治療（歯列矯正や醜形恐怖症に関連する医療など）に対する保険適用がないことに焦点を当てています。また、健康寿命の延伸に関する政策の不備や、難病患者の就労支援の不足も指摘されており、全体として患者の生活の質を向上させるための具体的な支援策が求められています。,30,1_5,5.476652210460415,391.0,0.9775
2,2_287,デジタルデバイドとその影響に関する課題,この意見グループは、デジタルサービスの利用におけるデジタルデバイド（情報格差）やその影響に関する懸念が中心です。具体的には、デジタル技術へのアクセス不平等、デジタルリテラシーの不足、デジタル化の遅れがもたらす社会的な不平等、そしてデジタル化が人に配慮していない可能性などが挙げられています。また、デジタル化の推進においては、慎重な対応や包摂性の確保が求められていることも強調されています。,120,1_8,9.114390705664269,139.0,0.3475
2,2_324,移民政策の不備と議論の欠如に関する懸念,この意見グループは、現在の移民政策に対する不十分さや具体的な課題の明確化が不足していること、またそれに伴う議論の欠如についての懸念が中心です。移民政策が社会的要請に応じていないことや、帰化・難民認定制度の適正さに対する問題提起がなされており、政策の見直しや改善が求められています。,68,1_20,13.069600187459987,44.0,0.11
2,2_163,行政システムの効率化と現代ニーズへの適応,この意見グループは、現行の行政組織やシステムが時代の変化に対応できていないこと、非効率なプロセスや役割分担の曖昧さ、公共施設の活用不足など、行政の効率性や公正性に関する問題点を指摘しています。特に、現代のニーズに応じた改革やシステムの見直しが求められていることが強調されています。,82,1_12,7.630803219416649,251.0,0.6275
2,2_334,地域社会の複雑な課題と持続可能な解決策の模索,この意見グループは、地域社会が直面している複雑な課題に対する認識と、それに対する具体的な解決策の必要性を強調しています。特に、地域交通の不足や行政機能の不足、地域固有の課題が政策に反映されにくい状況などが挙げられ、地域密着型のアプローチや共創の促進が求められています。また、都市部への人口集中や行政手続きの非効率性が地方の過疎化を助長していることも指摘されており、持続可能な社会基盤の構築が急務であることが示されています。,41,1_12,6.997395114679615,313.0,0.7825
2,2_135,テクノロジーの社会的影響と倫理的課題の認識不足,この意見グループは、テクノロジーの進化がもたらす社会的格差や倫理的問題に対する懸念が中心です。テクノロジーの利用における人々の理解不足や、社会的責任の欠如、リスク認識の不足が指摘されており、テクノロジーがもたらす影響を適切に考慮する必要性が強調されています。また、テクノロジーの利用が個々の夢や社会成長にどのように寄与するかが不明確であることや、社会的共通資本の実現が進んでいないことも問題視されています。,104,1_11,14.649713531878369,35.0,0.0875
2,2_189,子育て支援税制の不備と公平性の欠如,この意見グループは、現行の子育て減税制度に対する批判が中心であり、制度が不十分であることや公平性に欠ける点が強調されています。具体的には、所得基準の不明瞭さや地域ごとの生活コストの反映不足、多様な家族形態への対応の不備、物価変動の考慮不足などが挙げられ、子育て世帯への経済的支援が十分でないとの認識が広がっています。また、制度の周知不足や効果の不十分さも指摘されており、子育て支援における税制の見直しが求められています。,66,1_3,11.667011648513801,62.0,0.155
2,2_121,世代間の経済的不均衡と社会的課題の複合的影響,この意見グループは、世代間の経済活動の不均衡や引きこもり・無就労問題、フリーランスの社会保障の不十分さなど、現行の社会システムが抱える多様な課題に焦点を当てています。特に、人口減少や高齢化が進む中で、社会貢献の評価不足や世代間対立が深刻化していることが指摘されており、持続可能な社会運営に向けた新たなアプローチが求められています。,16,1_17,5.828222891591412,380.0,0.95
2,2_397,社会保障制度の透明性と公平性の欠如に関する懸念,この意見グループは、現行の税・社会保障制度に対する国民の誤解や不信感、複雑さ、そして公平性の欠如に関する懸念が中心です。特に、制度の透明性が不足していることや、所得に偏重した給付制度が公平性を損なっている点、また、個人の状況に応じた支援が行われていないことが指摘されています。これにより、国民が制度を理解しにくくなり、結果として制度への信頼が低下している状況が浮き彫りになっています。,68,1_17,8.865438834040484,156.0,0.39
2,2_116,不妊治療支援の現状と課題,この意見グループは、不妊治療に対する支援が現状で不十分であることに関する様々な視点を反映しています。具体的には、経済的負担、制度的な支援の不足、情報提供の不完全さ、保険適用の制限、妊活段階からの支援の欠如などが挙げられ、これらの要素が不妊治療を受ける人々の生活や仕事との両立に影響を与えていることが強調されています。,61,1_3,15.844953968419171,30.0,0.075
2,2_39,政策ビジョンの明確化と具体性の向上,この意見グループは、現行の政策ビジョンやキャッチフレーズが不明確であり、国民に対する理解や信頼を得るためには具体的な表現や対話の姿勢が必要であるという点に焦点を当てています。政策の目標や優先順位、再分配の表現、政府の役割などが不明瞭であることが指摘されており、これらを明確にすることで政策の効果的な伝達と実行が可能になるという意見が中心です。,57,1_18,8.22006644341928,202.0,0.505
2,2_295,多様性と個別化を欠いた教育制度の改革必要性,この意見グループは、現行の教育政策が画一的であり、個々の学習者の特性やニーズに応じた柔軟な教育が不足している点に焦点を当てています。特に、基礎学力の強化や探求型教育の不足、個別の習熟度に即した教育の難しさが指摘されており、教育制度の多様化と個別化が求められています。,78,1_7,8.427543562117165,186.0,0.465
2,2_336,外国資本による不動産取得と国土保全に関する懸念,この意見グループは、外国籍者や外国資本による不動産購入が国土保全や安全保障に与える影響についての懸念が中心です。特に、透明性の欠如や規制の不十分さが指摘されており、社会的な問題や国内居住ニーズへの影響、さらには外交・防衛政策におけるリスクが強調されています。,74,1_20,12.321753805125754,52.0,0.13
2,2_375,持続可能な経済活性化と制度改革の必要性,この意見グループは、日本の経済が停滞している現状に対する懸念と、持続可能な成長を実現するための制度改革の必要性を強調しています。特に、地方創生政策や行政コスト、社会システムの柔軟性に関する問題が指摘されており、経済活性化のためにはこれらの課題に適切に対応することが求められています。,56,1_18,6.350910109387164,361.0,0.9025
2,2_162,物価高騰と国民生活への影響,この意見グループは、物価の高騰が収入の低い人々や一般国民の日常生活に与える影響に焦点を当てています。特に、住宅ローン金利の上昇や住宅価格の暴騰、エネルギーコストの増加が個人や家庭の経済的負担を増大させていることが指摘されており、国民負担の不公平感や生活費の圧迫が深刻な問題として浮き彫りになっています。また、企業活動への影響や賃貸住宅に関する問題も含まれており、物価高騰が社会全体に及ぼす影響が強調されています。,65,1_18,8.846417198100161,158.0,0.395
2,2_164,市民参加の不十分さと意見反映の課題,この意見グループは、現在の政治システムや政策形成において、市民の意見が十分に反映されていないことに対する懸念が中心です。特に、声を上げにくい人々や多様な背景を持つ市民の意見が無視されていること、意見収集の方法が限定的であること、そして国民の声が政策に継続的に活用されていないことが指摘されています。これにより、民主主義の形態や政策決定の透明性が損なわれているという問題意識が共有されています。,126,1_16,7.454541105820867,270.0,0.675
2,2_27,政策決定における多様な意見の反映不足とその影響,この意見グループは、政策決定プロセスにおいて公務員や国民の多様な意見が十分に反映されていないことに対する懸念が中心です。意見収集方法の限界や偏り、少数意見の扱いの不明確さ、オンラインでの議論の場の不足などが指摘されており、これにより政策が多様なニーズに応えられず、行政の対応が困難になっているという問題が浮き彫りになっています。,87,1_16,6.894389314902811,324.0,0.81
2,2_83,持続可能なエネルギー政策の欠如と改善の必要性,この意見グループは、日本のエネルギー政策が多様なエネルギー貯蔵技術や省エネ、再生可能エネルギーの視点を十分に考慮していないこと、また持続可能性や国際基準との整合性が欠けていることに対する懸念が中心です。特に、脱炭素化や地域ニーズへの対応が不十分であり、具体的な実行策や目標設定が欠けている点が強調されています。,82,1_13,10.289173776612527,94.0,0.235
2,2_34,選択的夫婦別姓制度の必要性と社会的影響に関する議論,この意見グループは、選択的夫婦別姓制度が未導入であることによる多様な家族形態への対応不足や、制度導入に伴う社会的・法的な懸念についての議論が中心です。特に、制度の不在が子供の福祉や家族の在り方に与える影響、また戸籍制度との関連性についての懸念が強調されています。さらに、政策方針の不明確さや議論の進展の遅れが指摘され、具体的な制度整備の必要性が求められています。,97,1_1,14.405054366386103,38.0,0.095
2,2_243,財政規律と国債発行に関する不透明性と課題,この意見グループは、現在の財政規律や国債発行に関する不明確さ、財源確保の不足、そしてそれに伴う国民生活への影響についての懸念が中心です。特に、国債発行のリスクや効果検証の不十分さ、財源計画の具体化の必要性が強調されており、持続可能な財源確保や安定した予算の確保が求められています。また、国民生活の質の向上や安定が重要視されている点も特徴的です。,98,1_18,7.684204308948069,249.0,0.6225
2,2_161,意思決定プロセスにおける透明性の欠如と信頼性の問題,この意見グループは、さまざまなプロセスにおける透明性の不足が、意思決定の信頼性や公平性に悪影響を及ぼしていることを指摘しています。特に、開発、経理、調達、食糧生産などの分野での透明性の欠如が、関係者間の信頼関係を損ない、迅速な対応を困難にしているという懸念が表れています。,49,1_16,7.805122114386524,236.0,0.59
2,2_209,教育・研究環境の改善と労働条件の見直し,この意見グループは、長時間労働や画一的な勤務体系が生産性や創造性に悪影響を及ぼすこと、教育や基礎研究開発への投資が不足していること、職場環境の整備や多様な人材の登用が進んでいないことに対する懸念が中心です。また、職員のキャリア支援や新たなスキル習得のための時間確保の重要性、ハラスメント問題への対策が不十分であることも指摘されています。これらの要素が相互に関連し、教育・研究環境の質を向上させるための包括的なアプローチが求められています。,29,1_9,6.674684744100556,340.0,0.85
2,2_36,公務員と研究者の労働環境改善と人材育成の必要性,この意見グループは、公務員や研究者の労働環境に関する問題点や課題を中心に、長時間労働や評価制度の不備、ライフイベントへの支援不足などが指摘されています。また、人材育成や職業の魅力向上に向けた改革の必要性が強調されており、特にエッセンシャルワークや専門職における人手不足や育成制度の見直しが求められています。,41,1_9,6.239963612182864,364.0,0.91
2,2_3,AI技術におけるリスク管理と社会的信頼の向上,この意見グループは、AI技術の急速な発展に伴う潜在的なデメリットやリスクに対する具体的な対策が不足していること、またそれにより社会的信頼が低下している点に焦点を当てています。特に、リスク管理の不十分さやセキュリティ面での問題、技術の依存度の高まりが懸念されており、これらの課題に対する認識と対策の必要性が強調されています。,40,1_14,7.885753589536118,228.0,0.57
2,2_367,AI技術の進展と社会的影響に関する懸念と対応策,この意見グループは、AI技術の急速な進展に伴う労働市場や社会構造への影響、生成AIのリスク、法的整備の不十分さ、そして一般国民の不安感に焦点を当てています。特に、AIの活用が進む中で、労働負担の軽減や社会の適応が求められる一方で、政策や制度設計におけるリスク管理が不十分であることが指摘されています。,43,1_14,7.786859022750986,238.0,0.595
2,2_312,AI技術と著作権保護のバランスに関する懸念,この意見グループは、AI技術の発展が著作権に与える影響や、クリエイターの権利保護が不十分であることに対する懸念が中心です。特に、生成AIが無断で著作物を学習データとして使用する可能性や、クリエイターが不利益を被るリスク、そして現行の法制度がこれらの問題に対応できていないことが指摘されています。AIの進展とクリエイターの権利保護を両立させるための政策の必要性も強調されています。,62,1_14,12.966656092614421,47.0,0.1175
2,2_133,表現の自由に関する政策と認識の不備,この意見グループは、表現の自由に関する政策や方針が不十分であり、創作活動が制約を受けている可能性や、表現の自由に対する理解不足が指摘されています。また、表現の自由を保護するための具体的な支援や議論が不足していることが強調されており、国際的な枠組みや法律においても十分に保障されていない懸念が示されています。,46,1_16,15.172287599008872,34.0,0.085
2,2_132,地域連携と多様なニーズに応える子育て支援の強化,この意見グループは、現在の子育て支援策が地域社会との連携不足や具体的な利用者のニーズに応えられていないことに焦点を当てています。特に、食材提供や業務代替への手当、きょうだい児への支援など、具体的な支援が不足している点が指摘されており、地域全体での子育て支援体制の構築や、柔軟で多様な支援策の必要性が強調されています。,99,1_2,12.419790433432166,49.0,0.1225
2,2_95,多様な家族形態に対応した子育て支援の強化,この意見グループは、離婚・再婚家庭を含む多様な家族形態における子育ての課題に対する支援の必要性を強調しています。特に、経済的支援や対面サポートの不足、親子の交流の制限、申請漏れによる支援の不公平感、そして世代間の公平性の欠如が指摘されています。また、現行の子育て支援制度が多様な家庭のニーズに応えられていないことが問題視されており、具体的な支援策の強化が求められています。,61,1_2,8.874291723424433,155.0,0.3875
2,2_22,デジタルトランスフォーメーション（DX）推進の遅れとその影響,この意見グループは、司法、行政、教育、農業、文化芸術など多岐にわたる分野においてデジタルトランスフォーメーション（DX）が進んでいないことに対する懸念が中心です。特に、具体的なアクションプランやボトムアップアプローチの不足、現場の視点が反映されていないことが指摘されており、これが効率的かつ公平なシステムの確立を妨げていると考えられています。また、DXの遅れが企業や自治体の連携に悪影響を及ぼす可能性も示唆されています。,98,1_8,9.481290347475536,123.0,0.3075
2,2_179,教育システムの多様性と公平性の欠如に関する懸念,この意見グループは、教育現場におけるコミュニケーションスキルやライフスキル教育の不足、経済的・地理的条件による教育の公平性の損失、そして実社会で必要な知識やスキルが教育システムに反映されていないことに対する懸念が中心です。また、教育機関への寄付の活用不足や、持続的な学びの機会の欠如、政治教育や金融教育の不足など、教育の質と機会均等に関する問題が指摘されています。,67,1_7,8.174736272308454,203.0,0.5075
2,2_381,人権保障と透明性の欠如に対する懸念,この意見グループは、現行の法律や政策が人権を十分に保障していないこと、また市民の知る権利や居住の権利が不十分であることに対する懸念が中心です。さらに、理念の実践や党の立場が不明確であることが問題視されており、透明性や人権意識の向上が求められています。,19,1_16,5.656359713488053,385.0,0.9625
2,2_123,政策決定プロセスにおける科学的根拠と透明性の欠如,この意見グループは、政策決定において科学的知見や専門的な視点が十分に反映されていないこと、また透明性が欠如しているために信頼性が低下している現状に対する懸念が中心です。特に、政策運営の透明性や説明責任、事後検証の仕組みの不十分さが指摘されており、客観的なデータや外部の専門知識を取り入れる必要性が強調されています。,97,1_16,9.27086176853994,132.0,0.33
2,2_89,障害年金制度の公平性と支援の不十分さに関する懸念,この意見グループは、障害年金制度における初診日要件や審査基準の厳格さ、所得制限の不適切さ、支給判定プロセスの透明性不足など、制度の公平性や支援の不十分さに対する懸念が中心です。特に、精神障害者や3級の人々が十分な支援を受けられない現状や、就労による年金支給の打ち切りが貧困スパイラルを引き起こす可能性についての意見が多く見られます。,50,1_2,24.03801087261235,14.0,0.035
2,2_43,地方創生と地域活性化の具体的な課題と必要性,この意見グループは、地方創生や地域活性化に関する具体的な課題を指摘しており、持続可能な地域コミュニティの再構築や具体的な目標設定の必要性が強調されています。また、地方経済の停滞やテレワーク促進の制度不足、地域の担い手の繋がりの欠如など、地域社会の持続可能性を高めるための具体的な施策や取り組みが求められています。,99,1_18,7.981978823209722,221.0,0.5525
2,2_57,技術革新と法制度の不整合による社会的課題,この意見グループは、情報技術やドローン技術の進化が法制度や社会システムに十分に反映されていないことに対する懸念が中心です。特に、技術の進化と法改正のギャップ、地域住民とのコミュニケーション不足、技術の負の側面に対する配慮の欠如が指摘されており、これらが社会的な不利益や混乱を引き起こす可能性があることが強調されています。また、技術の導入における倫理的な視点や社会的受容性の重要性も示されています。,37,1_11,6.647415359445859,342.0,0.855
2,2_221,地方における雇用機会と人材活用の課題,この意見グループは、地方における雇用機会の不足や多重下請け構造、行政の人事システムの問題、そして新しい働き方への抵抗感など、地域特有の雇用環境や人材活用に関する課題が中心です。特に、地方での専門人材の不足や、プッシュ型支援の実現方法に対する懸念が強調されています。,34,1_9,7.360331265314138,282.0,0.705
2,2_249,行政サービスの効率化と現代化に向けた改革の必要性,この意見グループは、組織内の保守的な思考や過去の慣習が、現代のニーズに合わない行政サービスのプロセスを維持していることに対する懸念を示しています。特に、行政手続きの非効率性や地方自治体間のサービス格差、民間との連携不足が指摘されており、これらの問題を解決するための改革や技術革新が求められています。,90,1_12,7.274173517300322,291.0,0.7275
2,2_130,行政手続きのデジタル化の遅れとその影響,この意見グループは、現状の行政手続きがデジタル化されていないことに対する不満や、デジタル化が進まないことによる市民や企業への負担、利便性の欠如についての指摘が中心です。特に、在外邦人やデジタルに不慣れな市民への配慮が不足していること、また、行政サービス全般の効率性や透明性が改善されていない点が強調されています。,49,1_8,11.761793395719254,61.0,0.1525
2,2_389,原子力政策における安全性とリスク評価の不十分さ,この意見グループは、原子力発電に関する安全性やリスク評価が不十分であることに対する懸念が中心です。特に、原発事故後の対応策や国民の不安、地域との関係性、核共有に関する議論の不足など、原子力政策全般にわたる安全性の確保や透明性の欠如が指摘されています。また、国民の意見が十分に反映されていないことや、地域合意の重要性が軽視されている点も強調されています。,91,1_13,11.050545277256154,79.0,0.1975
2,2_346,再生医療・バイオ分野における技術革新と国際競争力強化の必要性,この意見グループは、再生医療やバイオ分野における技術革新の重要性と、国際競争力を高めるための取り組みが不十分であることに焦点を当てています。特に、国産AIや半導体への投資、オープンイノベーションの促進、地域医療への技術活用、そして教育や人材育成の視点が欠如していることが指摘されています。これらの要素が相まって、日本の医療技術やAI産業の発展が阻まれている現状を反映しています。,25,1_11,5.605848392448953,388.0,0.97
2,2_137,安全保障と情報管理におけるリスクの包括的評価,この意見グループは、安全保障に関連するリスクや脅威が十分に考慮されていないこと、また情報管理における不備や危険性についての懸念が中心です。特に、既存の防災体制やセキュリティモデルの不十分さ、情報の偏りや誤情報の流布、迅速な情報伝達の欠如などが指摘されており、これらの問題に対する対策の必要性が強調されています。,61,1_10,7.795568611330093,237.0,0.5925
2,2_191,行政手続きのデジタル化と業務効率化の必要性,この意見グループは、行政手続きにおけるデジタル化の遅れや紙文化の根強さが、業務の非効率性や国民の負担を増大させていることに焦点を当てています。特に、オンライン申請の未導入やFAX・紙の使用が続いていることが、手続きの煩雑さや時間の浪費を引き起こしており、企業や個人にとっての利便性が欠如しているという問題意識が共有されています。,59,1_9,6.929448514806713,321.0,0.8025
2,2_21,企業間取引におけるパワーハラスメントと制度の改善要求,この意見グループは、企業間取引におけるパワーハラスメントの法的保護の不足や、成年後見制度、福祉サービス、マッチングアプリなどの制度的な脆弱性に対する懸念が中心です。特に、パワーハラスメントが企業の成長や競争力に与える影響や、手続きの煩雑さが利用者に与える負担についての意見が多く見られ、制度の改善や支援の強化が求められています。,32,1_9,7.056576262802139,305.0,0.7625
2,2_242,地域交通インフラの持続可能性と効率化の課題,この意見グループは、現行の交通インフラが地域住民のニーズを満たしておらず、特に地方において公共交通の転換や効率化が進んでいないことに焦点を当てています。また、交通政策の不備や公共交通機関のアクセシビリティの不足、交通費の高さが地域活性化の障壁となっている点が強調されています。さらに、地域交通の維持が困難であることや、専門家の活用不足、制度の公平性に関する懸念も含まれています。,70,1_12,7.921570972117262,224.0,0.56
2,2_15,政策文書の透明性と明確性の欠如,この意見グループは、現行の政策文書が直感的でなく、関連するテーマの発見が難しいことや、具体的な政策項目や目標が不明確であることに対する懸念が中心です。また、政策の表現が難解であったり、誤解を招く可能性があること、政治的スタンスや責任が明示されていないことが指摘されています。これにより、有権者や市民が政策を理解し評価することが困難になっている点が強調されています。,63,1_18,8.480931357627428,182.0,0.455
2,2_29,産前・育児休暇制度の不備と柔軟性の欠如,この意見グループは、現行の産前休暇や育児休暇制度が妊娠中や育児中の女性や家庭のニーズに十分に応えていないことに焦点を当てています。特に、産前休暇の開始時期や柔軟性の欠如、つわりや健康問題への対応不足、育休制度の期間や内容の不適合など、制度の改善が求められています。,50,1_2,10.689530826056632,86.0,0.215
2,2_313,教育政策における包括的性教育とウェルビーイングの欠如,この意見グループは、現行の教育政策が子どもたちの社會性や精神的なウェルビーイング、特に包括的性教育の重要性を十分に考慮していない点に焦点を当てています。多くの意見が、教育制度における感情教育やライフプラン教育、主権者教育の不足、さらには教育課程全体における多様性や人権の観点が欠如していることを指摘しており、これらが若者の教育機会や人間関係に悪影響を及ぼしていると懸念しています。,60,1_7,9.541325287545344,117.0,0.2925
2,2_273,子どもたちの多様な成長機会の不足と教育環境の課題,この意見グループは、子どもたちが多様な体験や教育機会を得られていない現状に焦点を当てています。特に、日本語を母語としない子どもへの支援不足や、特定の才能を伸ばす環境の欠如、ブラック校則による自由の制限、性教育の不足など、教育制度や社会環境が子どもたちの成長を妨げている点が強調されています。また、情報過多やコミュニケーションの課題、ロールモデルの不在など、子どもたちが直面するさまざまな困難も指摘されています。,62,1_7,5.944633382066034,373.0,0.9325
2,2_79,職場と社会におけるジェンダー平等の不十分な実現と政策の欠如,この意見グループは、職場や社会全体におけるジェンダー平等が未だに実現されていないことに対する懸念を示しています。具体的には、ジェンダーギャップの解消に向けた政策が不十分であり、教育や育児におけるジェンダー平等の視点が欠けていることが指摘されています。また、トランスジェンダーの権利や多様性の尊重が政策に反映されていないことも問題視されています。,46,1_1,22.909797026465817,17.0,0.0425
2,2_37,デジタル民主主義の課題と改善点の明確化,この意見グループは、現行のデジタル民主主義システムにおける多くの課題を指摘しており、特にサイバー攻撃への脆弱性、意見表明の難しさ、政策や倫理的配慮の不足、透明性の欠如、信頼性の問題などが中心です。また、デジタル民主主義のビジョンや代表者の定義が不明確であること、さらに多元性やデジタルディバイドへの配慮が不足している点も強調されています。これらの意見は、デジタル時代における民主主義の健全な発展に向けた改善の必要性を示唆しています。,134,1_15,10.231899369988035,96.0,0.24
2,2_186,奨学金制度の課題と社会的影響,この意見グループは、現行の奨学金制度が学生や若者に与える経済的負担や社会的格差の問題に焦点を当てています。特に、奨学金返済が教育の継続やキャリアプランに与える制約、また、制度の不透明さや柔軟性の欠如が指摘されており、これらが社会全体の不平等感や活力の低下に繋がっているという懸念が表れています。,37,1_7,7.408705984673562,277.0,0.6925
2,2_293,教育支援制度の改善と多様な学びの機会の拡充,この意見グループは、若者や社会人が海外留学やリスキリングを目指す際の情報収集や支援制度の不備に関する課題を中心に構成されています。奨学金制度や就学支援金制度の見直し、留学手続きの簡素化、社会人の学び直し支援の不足など、教育に関する多様な支援が求められており、特に貧困世帯や多子世帯への配慮が不足している点が指摘されています。また、留学生評価や国費留学生制度の目的達成度の不明確さも問題視されており、全体として教育支援制度の改善が急務であることが示されています。,30,1_7,8.131771291774262,205.0,0.5125
2,2_31,物価高と経済不安定性に関する包括的な懸念,この意見グループは、物価高やコメの価格不安定、金利引き上げなど、経済全体に影響を及ぼす複雑な問題に対する懸念が中心です。特に、物価高対策の不十分さや財源確保の議論不足、個人の金融リテラシーの低さが経済に与える影響についての意見が多く見られ、これらの要因が消費行動やライフプランニングに及ぼす影響についても言及されています。また、デジタルトランスフォーメーションの遅れが物価の不安定さに寄与している点も重要な論点です。,49,1_18,7.131627833157437,298.0,0.745
2,2_262,外交・防衛政策の透明性と平和的アプローチの強化,この意見グループは、現在の外交・防衛政策における透明性の欠如や、平和的解決の優先が明記されていないことに対する懸念が中心です。また、ヘイトスピーチや国内世論の操作といった社会的問題も指摘されており、外交・防衛方針の明確化や国民的議論の必要性が強調されています。,96,1_10,8.784118665723595,163.0,0.4075
2,2_77,年金制度の透明性と持続可能性の確保に向けた課題,この意見グループは、基礎年金制度の税方式への移行や現行の年金制度に関する不明確さ、財源不足、国民の誤解や不安、世代間の不公平感など、年金制度の透明性や持続可能性に関する多様な課題を指摘しています。特に、制度の理解を深める必要性や、全世代のニーズに応えるための抜本的な見直しが求められている点が強調されています。,94,1_17,9.07609437346763,143.0,0.3575
2,2_158,社会保険料制度における負担の公平性と透明性の課題,この意見グループは、現行の社会保険料制度における負担の不公平性や透明性の欠如に関する懸念が中心です。特に、世代間の負担の公平性や、社会保険料の計算方法、負担の重さ、そして高所得者層に対する負担の不均衡が問題視されています。また、社会保険料の透明性が不足していることや、企業の負担が経済活動に与える影響についても言及されています。,39,1_17,11.058314432920001,77.0,0.1925
2,2_303,少子高齢化と社会保険制度の持続可能性に関する懸念,この意見グループは、少子高齢化の進行に伴う現役世代の社会保険料負担の増加や、年金制度の持続可能性に対する不安を中心に構成されています。特に、子育て世代や低所得者層への配慮が不足していること、また現行の年金制度が現役世代に不利であるとの指摘が多く見られ、社会全体の支援体制の不十分さが強調されています。,28,1_17,9.251362598213806,133.0,0.3325
2,2_212,国土・インフラ保護とデータ管理の強化に向けた課題,この意見グループは、国土や重要インフラの保護が不十分であること、データ基盤や管理体制の整備が遅れていること、国際的なコラボレーションの不足が進展を妨げていることなど、さまざまな側面から安全性や効率性の向上が求められている点に焦点を当てています。特に、データ保護や情報共有のセキュリティ、交通安全対策、法整備の遅れなど、具体的な課題が指摘されています。,46,1_10,7.369845339405435,281.0,0.7025
2,2_178,労働環境と働き方改革の包括的改善要求,この意見グループは、労働環境の改善や働き方改革の必要性に関する多様な視点を反映しています。労働者不足や不当な労働環境、リモートワークの権利保障の不十分さ、ハラスメント対策の不足など、労働者が直面する問題が多岐にわたることが示されています。また、教育現場における問題や、行政改革における労働環境の考慮不足も指摘されており、全体として労働者が安心して働ける環境を整えるための包括的な改革が求められています。,64,1_9,7.311823264916826,284.0,0.71
2,2_309,福祉・介護従事者の処遇改善と職場環境の向上,この意見グループは、福祉・介護従事者の待遇や職場環境に関する問題を中心に構成されており、処遇改善の必要性や職場環境の劣悪さ、専門性の発揮が妨げられていることに対する懸念が表れています。また、介護職員の離職や人材不足、報酬制度の不十分さなど、福祉・介護分野全体の持続可能性に関わる重要な論点が含まれています。,63,1_5,7.809945595926319,235.0,0.5875
2,2_259,医療制度の効率化と改革の必要性,この意見グループは、現行の医療制度や政策に対する批判と、それに伴う改革の必要性を強調しています。医療資源の非効率的な活用や医療費の適正化、患者プライバシーの保護、医療現場での質の確保など、さまざまな側面から医療制度の改善が求められていることが示されています。また、医療アクセスの不便さやデジタル化の遅れも指摘されており、全体的な医療体制の最適化が急務であることが浮き彫りになっています。,77,1_5,9.247018980989344,135.0,0.3375
2,2_387,情報アクセスの不平等と透明性の欠如に関する課題,この意見グループは、情報過多の中で必要な情報にアクセスすることの難しさや、情報発信の最適化が不十分であること、さらには情報へのアクセスにおける不平等や透明性の欠如に関する懸念が中心です。特に、ユーザーが必要な情報を得るための機会が限られていることや、データ管理の不明確さが問題視されています。また、官民連携や広域的な対策の不足も指摘されており、より多くの人々が適切な情報にアクセスできるようにする必要性が強調されています。,69,1_10,8.432662971175445,185.0,0.4625
2,2_143,教育環境と学習指導要領の現状改善に向けた課題,この意見グループは、現在の学習環境や学習指導要領が時代の変化に対応できていないこと、現場の知見が反映されていないこと、教育環境が不十分であることに対する懸念が中心です。また、個別化された指導やオンライン学習における集中力の低下、教育システムの柔軟性の必要性など、教育の質を向上させるための具体的な課題が挙げられています。,52,1_7,6.434307910557989,358.0,0.895
2,2_325,教育環境の酷暑対策と福祉専門職のキャリア支援,この意見グループは、教育施設における酷暑の影響とそれに対する対策の必要性、特にエアコンの設置や熱中症対策の重要性に焦点を当てています。また、福祉専門職のキャリアパスの不明確さや行政手続きの改善が求められている点も含まれており、教育環境の質向上と福祉分野の専門性の強化が重要なテーマとなっています。,24,1_7,7.63689781553366,250.0,0.625
2,2_374,地域医療格差とその解消に向けた課題,この意見グループは、地方における医療格差や評価指標が医療従事者に与える負担、地域による医療アクセスの不平等、患者とのコミュニケーション不足など、医療サービスの公平性に関する多様な問題を指摘しています。また、医療格差の是正や新しいシステム導入におけるコミュニケーションの重要性も強調されており、地域医療の改善に向けた具体的な課題が浮き彫りになっています。,34,1_5,8.009138016028562,215.0,0.5375
2,2_306,子どもの権利と居場所の保障に関する課題,この意見グループは、子どもたちの権利が十分に保障されていない現状や、放課後の居場所不足、自己肯定感の低下、社会的孤立など、子どもに関する多様な問題を指摘しています。特に、子どもたちの権利擁護や社会的支援の不足が強調されており、これらの課題に対する改善が求められています。,51,1_2,7.699741120853073,246.0,0.615
2,2_391,社会的孤立と分断の深刻化に対する包括的な対策の必要性,この意見グループは、社会的孤立や分断が進行している現状に対する懸念が中心であり、特にエコーチェンバー現象や世代間の助け合いの不足、孤独問題への対策の不十分さが指摘されています。また、社会の多様性や相互理解の欠如、格差の拡大、差別行為の存在など、現代社会が抱える複合的な問題に対して、早急な対策が求められていることが強調されています。,31,1_17,7.004111839499416,312.0,0.78
2,2_317,社会的取り残しと支援制度の改善に向けた提言,この意見グループは、性的搾取や貧困問題に直面している人々が、現行の支援制度や申請主義の枠組みの中で取り残されている現状に対する懸念を表明しています。特に、支援が届きにくい状況や、制度の実効性の不足、情報保障の不十分さが指摘されており、これらの問題を解決するための新たな制度や施策の必要性が強調されています。,37,1_17,7.0904216462164635,303.0,0.7575
2,2_222,プライバシー保護とセキュリティ強化の必要性,この意見グループは、研究や災害時の情報共有、法人登記、オンラインプラットフォームなど、さまざまな場面において個人情報やプライバシーの保護が不十分であることに対する懸念が中心です。また、サイバーセキュリティの強化や倫理的課題、国家の防衛能力の不足など、情報セキュリティ全般にわたる課題が指摘されており、これらの問題に対する対策の必要性が強調されています。,102,1_10,7.295246520344873,288.0,0.72
2,2_229,医療サービスの透明性と持続可能性に関する課題,この意見グループは、医療サービスにおける料金の不透明さや自己負担の不明確さ、医療政策の効果検証不足、そして医療費の高騰と持続可能性に関する懸念が中心です。また、医療ツーリズムの推進や歯科医療制度の構造的問題、医療訴訟制度の適合性についても言及されており、全体として医療サービスの質とアクセスの向上に向けた具体的な改善が求められています。,76,1_5,8.489433129033715,180.0,0.45
2,2_197,科学技術政策の多様性と社会的視点の欠如,この意見グループは、科学技術政策における人文・社会科学の重要性や、技術選定の独立性、基礎研究の軽視、社会課題との連携不足など、政策の多様性や社会的視点が欠如していることに対する懸念が中心です。また、現行の政策が市場環境や国際的な動向を反映できていない点や、国防や安全保障の視点が不足していることも指摘されています。,67,1_11,8.892652235342732,154.0,0.385
2,2_202,高齢者医療制度における現役世代への負担と不公平感の問題,この意見グループは、後期高齢者医療制度に関連する現役世代の負担の大きさや不公平感、医療費の自己負担に関する問題を中心に構成されています。特に、所得や資産に基づく医療費負担の不公平、介護予防や成人医療移行支援の不足、そして高齢者医療費の増大が現役世代に与える影響についての懸念が表れています。,31,1_5,8.004495746148756,216.0,0.54
2,2_151,若者と多様な人材の政治参加促進の必要性,この意見グループは、若者や未成年者、女性、障害者などの多様な人材が政治に参加する機会が不足している現状に対する懸念が中心です。特に、若者の政治参加が低迷していることや、意思決定プロセスへの参加が難しいこと、またそのための制度的な整備が不十分であることが指摘されています。これにより、若い世代の意見が政策に反映されにくく、政治参加意欲が低下している状況が浮き彫りになっています。,28,1_16,7.89120007113984,227.0,0.5675
2,2_388,選択的夫婦別姓制度の未導入による家族の多様性の制約,この意見グループは、現行の夫婦同姓制度が選択的夫婦別姓を認めていないことにより、社会的多様性や個人の選択が尊重されていないという問題意識が中心です。多様な家族観やライフスタイルを持つ夫婦が自由に姓を選べないことが、社会全体の多様性の欠如や不平等感を助長しているという指摘が多く見られます。,59,1_1,14.171553949653628,39.0,0.0975
2,2_373,多様性の尊重と個人の尊厳の欠如に関する問題,この意見グループは、社会における多様性の尊重が不足している現状に対する懸念を示しています。多様な生き方や性の多様性、宗教的背景、色覚や神経の多様性など、個人の尊厳が十分に守られていないことが問題視されており、政策や社会文化において多様性を尊重する姿勢が欠如していることが指摘されています。,67,1_17,7.120532377287998,299.0,0.7475
2,2_256,電子カルテの標準化とデータ連携の課題,この意見グループは、電子カルテの標準化が進んでいないことによる医療現場での非効率性や情報共有の障壁、プライバシー保護の不十分さ、データ連携の不足など、医療データの利用に関する多様な問題点を指摘しています。特に、電子カルテの非統一的なプラットフォームが患者の意思決定支援や医療の効率性に悪影響を及ぼしていることが強調されています。,21,1_4,23.53693926139824,15.0,0.0375
2,2_269,医療分野におけるAI導入の課題と高齢者支援の不足,この意見グループは、医療分野におけるAI技術の導入が進まない理由や、特に高齢者や中高年層に対する支援が不十分であることに焦点を当てています。過剰な検査のリスクや、AI技術の信頼性、医療政策における公平性の欠如、そして高齢者がAIを活用できない状況が指摘されており、これらの構造的な課題が日本全体のAIシフトを阻害していることが強調されています。,34,1_14,5.398817877573515,394.0,0.985
2,2_271,消費税制度の見直しと経済的公平性の確保,この意見グループは、消費税が家計や経済全体に与える負担に関する懸念が中心です。特に、消費税の逆進性や生活必需品への課税が低所得層や中間層に与える影響、税制全体の公平性の欠如、そして現行の税制度の見直しの必要性が強調されています。また、自動車税制や不動産税制に関する問題も指摘されており、税制の再設計が求められています。,87,1_17,10.315195300968853,92.0,0.23
2,2_108,匿名ユーザーの意見と提案に関する制度的課題とリスク,この意見グループは、匿名ユーザーによる提案や意見が防衛政策や社会制度において十分に反映されていないこと、またその一方で匿名性がもたらすリスク（不正利用や誹謗中傷、ディープフェイクの悪用など）についての懸念が中心です。特に、匿名ユーザーの意見を適切に取り扱う仕組みや、プライバシーを守るための制度的な整備が不足している点が強調されています。,59,1_10,8.548232124091244,176.0,0.44
2,2_87,少子化問題に対する包括的な政策と社会的認識の強化,この意見グループは、少子化が経済や社会に及ぼす深刻な影響に対する認識の不足や、効果的な対策の欠如を指摘しています。また、少子化問題に対する多様な解決策や政策の見直し、さらには社会全体での意識改革が求められていることが強調されています。特に、少子化が国家の存続や経済活動に与える影響を考慮し、包括的なアプローチが必要であるという意見が中心です。,69,1_3,11.05786081302859,78.0,0.195
2,2_216,地域医療と福祉サービスの効率化と質の向上,この意見グループは、地方住民が直面する医療サービスの不足や福祉予算の非効率性、医療アクセスの改善、理学療法士の専門性の活用不足など、地域医療と福祉サービスに関する多様な課題を指摘しています。特に、医療提供体制の質の向上や、患者と医療スタッフ間のコミュニケーションの改善、医療機関への負担軽減が求められている点が強調されています。,30,1_5,7.770331232393378,239.0,0.5975
2,2_331,SNSと広告における健康・安全問題の深刻化,この意見グループは、SNS上での偽情報や誹謗中傷、いじめ、匿名性の問題、さらには香害や広告の健康被害に関する懸念が中心です。特に、SNS利用における個人情報流出や有害コンテンツの拡散、特殊詐欺やネット上での私的制裁といった社会問題が深刻化していることが指摘されています。また、香害に関する対策や認知の不足も重要な論点として挙げられています。,56,1_10,7.103822197829776,302.0,0.755
2,2_176,スパイ活動と情報の健全性に関する法的対策の強化,この意見グループは、スパイ活動や偽情報、フェイクニュースに対する法的な防止策が不十分であることに対する懸念が中心です。特に、スパイ防止法の必要性や、情報空間の健全性を保つための具体的な対策の強化が求められています。また、誤情報や人権侵害のリスクに対する意識も高まっており、これらの問題に対する法整備や対策の充実が急務であるという共通の認識が見られます。,22,1_10,9.07584307728224,144.0,0.36
2,2_190,育児参加と経済的支援の不均衡による社会的課題,この意見グループは、男女ともに育児参加が不十分であり、特に男性の育児参加が促進されていないこと、出産や育児に関する経済的支援が不足していること、手続きの煩雑さが保護者に過度な負担をかけていることに焦点を当てています。また、ライフイベントとキャリア形成の両立が難しいことが少子化の要因として挙げられ、全体的に育児負担の偏りが社会に構造的な課題をもたらしていることが示されています。,54,1_3,5.966048767593536,372.0,0.93
2,2_292,持続可能性と世代間公平性の欠如に関する政策課題,この意見グループは、現行の財政政策や経済政策において、国・企業・子どもそれぞれの利益が明確化されていないこと、持続可能性が確保されていないこと、そして将来世代への配慮が不足していることに焦点を当てています。また、経済安全保障や政策の透明性、成長の定義の不明瞭さなど、政策の方向性や公平性に関する懸念が表明されています。,60,1_18,6.029685393151664,370.0,0.925
2,2_66,国民参加と政策対話の強化に向けた課題,この意見グループは、国民が政策に参加する機会や情報が不足していること、また政治家と国民との対話が不十分であることに焦点を当てています。特に、国民が政策の背景や実績を理解しづらく、政治への関心が薄れている現状が指摘されています。さらに、政策決定における国民の声が軽視されていることや、対話の場が限られていることが問題視されています。これらの課題を解決するためには、国民との対話を促進し、政策に対する理解を深める取り組みが必要です。,52,1_16,7.435055805316858,273.0,0.6825
2,2_328,AI活用の不十分さと政策への影響,この意見グループは、AI技術やデジタルツールの活用がさまざまな政策や社会慣習において不十分であることに焦点を当てています。特に、司法、雇用、子育て、政策立案などの分野でのAIの導入が進んでいないことが指摘されており、これが政策の効果や国民の期待に悪影響を及ぼしているという懸念が表れています。また、AIの活用に関する指針や教育、リスキリングの不足も問題視されています。,77,1_14,7.511557017265951,264.0,0.66
2,2_184,投票率向上に向けた選挙制度の改革と市民参加の促進,この意見グループは、現行の選挙制度における投票率の低下に関する問題意識が中心です。投票プロセスの利便性や信頼性の不足、特に学生や特定の地域の有権者に対する不便さが指摘されており、投票体験の向上や参加のハードルを下げるための具体的な施策が求められています。また、投票制度が時代のニーズに合っていないことや、投票機会の制限が民主主義の質を低下させているという懸念も表明されています。,72,1_15,8.656531603577811,171.0,0.4275
2,2_58,インターネット投票の導入とその課題,この意見グループは、インターネット投票や電子投票の導入が必要であるという前向きな意見と、それに伴う安全性や公正性、利便性の懸念、さらには不正投票リスクや投票強要対策の不足など、導入に際しての具体的な課題が中心です。特に、現行の投票システムがインターネット環境に対応していないことや、在外投票制度のデジタル化が進んでいないことが指摘されています。,88,1_15,12.047602396916469,56.0,0.14
2,2_344,マニフェストの理解促進と多様性の確保,この意見グループは、現行のマニフェストが多様な読者に対して理解しやすく、訴求力のある内容であるべきだという観点からの意見が中心です。特に、専門用語の多さや一貫性の欠如、視覚的なアクセスの難しさなどが指摘されており、より公平で多角的な視点を取り入れる必要性が強調されています。また、特定のターゲット層（例：地方在住の40代女性や高齢者）への配慮が不足していることも問題視されています。,58,1_16,11.782455300785552,60.0,0.15
2,2_129,家族制度の多様性と現行法の見直しの必要性,この意見グループは、現行の家族法制が多様な家族形態や価値観に十分に対応していないことに対する懸念が中心です。特に、親権制度や不貞行為の扱い、同性婚を含む多様な家族の受け入れに関する法整備の不足が指摘されており、現代社会における家族の多様性を尊重するための制度的な見直しが求められています。,86,1_1,9.728925257482448,110.0,0.275
2,2_286,日本の文化教育と多文化共生の課題,この意見グループは、日本の伝統文化や歴史教育の不十分さ、多文化共生の必要性、そしてそれに関連する教育方針や政策の欠如に焦点を当てています。特に、教育制度における文化理解の不足や、文化的多様性の尊重が求められていることが強調されています。また、文化の担い手に対する評価や寄付文化の未成熟さも指摘されており、これらの要素が相互に関連し合いながら、日本社会における文化的な課題を形成しています。,43,1_17,7.703965819366341,245.0,0.6125
2,2_131,行政サービスの透明性と効率性向上の必要性,この意見グループは、行政サービスの信頼性や効率性に関する問題点を指摘しており、特に情報の不透明さや住民参加の不足、公共調達の非効率性が強調されています。行政の迅速な対応やデータ連携の不足、住民の信頼構築の難しさなど、現行の制度やプロセスに対する改善の必要性が共通して示されています。,46,1_12,8.114105779061653,207.0,0.5175
2,2_240,自動運転技術の普及と社会的課題の複合的影響,この意見グループは、自動運転技術の導入に伴う様々な社会的課題やリスクに焦点を当てています。特に、ドライバー不足、特定ベンダーへの依存、政策の未整備、セキュリティリスク、交通産業従事者のスキル転換など、技術の普及が進まない背景にある複雑な要因が指摘されています。また、現行の政策やインフラが自動運転技術の実用化を妨げていることも強調されています。,61,1_12,5.761177581654884,382.0,0.955
2,2_283,国民の政治信頼と参加意識の欠如,この意見グループは、国民の政治に対する信頼感や責任感の不足、政治への無関心、透明性の欠如、そして国民との信頼関係の構築が不十分であることに焦点を当てています。特に、国民が政治に参加する機会が限られていることや、情報提供の不足が国民の不信感を助長している点が強調されています。,99,1_16,7.948265459671213,223.0,0.5575
2,2_104,日本の科学技術政策における投資不足と国際競争力の強化,この意見グループは、日本の科学技術分野における研究開発投資の不足や、国際競争力の低下に関する懸念が中心です。特に、国内の技術基盤やクラウドインフラの開発遅延、精神的健康やゼロエミッション技術への投資不足が指摘されており、これらが将来的な技術革新や経済成長に支障をきたす可能性があるとされています。また、戦略的な投資の必要性や、国際的な競争力を高めるための具体的な施策が求められています。,90,1_11,8.102602376504935,209.0,0.5225
2,2_194,妊娠・出産における支援体制の強化と経済的負担の軽減,この意見グループは、妊娠・出産に関連する支援体制が不十分であることに対する懸念が中心です。特に、働く女性が妊娠中に柔軟な働き方を選びにくい現状や、妊娠初期の経済的支援策の不足、妊娠中の健康リスクへの対応が不十分であることが指摘されています。また、望まない妊娠や妊娠悪阻に対する支援が不足していることも強調されており、全体として妊娠・出産に伴う負担を軽減するための具体的な施策が求められています。,65,1_3,8.267212414798063,198.0,0.495
2,2_268,年少扶養控除廃止による子育て世代への影響と制度の公平性,この意見グループは、年少扶養控除の廃止が子育て世代に与える経済的負担の増加や、制度の公平性に対する懸念を中心に構成されています。特に、子育て支援が不十分であることや、扶養控除制度の見直しが必要であるとの意見が多く、政策議論の活性化を求める声が強いことが特徴です。,23,1_3,13.83057530489323,41.0,0.1025
2,2_127,エネルギー政策の透明性と具体性の欠如,この意見グループは、現行のエネルギー政策における透明性や具体性の不足に関する懸念が中心です。政策の方向性や理念が不明確であり、環境保護や安全性、技術の重要性についての説明が不足していることが指摘されています。また、時代に即した改訂や新技術の理解が求められており、国民の信頼を得るためには政策の明確化が必要であるという意見が多く見受けられます。,57,1_13,8.975800041713685,149.0,0.3725
2,2_393,教育格差と経済的負担がもたらす社会参加の制約,この意見グループは、教育における経済的負担や家庭環境による体験格差が、若者の自己理解や社会参加を妨げているという問題意識を反映しています。特に、高等教育の学費が重く、経済的理由で教育機会が制限されることが、個人の成長や社会的な関与に悪影響を及ぼしている点が強調されています。,46,1_7,8.845161833458068,159.0,0.3975
2,2_205,政治透明性と具体性の欠如に関する懸念,この意見グループは、従来のFutarchyに基づく政策や政党運営における透明性の欠如、具体性の不足、及び政治家の品位や能力に対する懸念が中心です。特に、政策の実現可能性や有権者へのメッセージの明確さが不足していることが指摘されており、政治活動全般における透明性の向上が求められています。,66,1_16,7.876818591152565,229.0,0.5725
2,2_219,国会運営の効率化と議員制度改革の必要性,この意見グループは、現行の国会運営方法や議員制度に対する批判と改善の提案が中心です。特に、最新技術の活用不足や議員定数の不適切さ、議員の高齢化、定年制の欠如などが指摘されており、これらが政治の停滞や古い思想の温存を招いているとの懸念が表れています。また、議員の質や生産性向上、憲法議論における市民参加の不足など、国会の機能を向上させるための改革が求められています。,47,1_16,9.473071552662944,124.0,0.31
2,2_289,子どもの多様なニーズに応えられない教育システムの課題,この意見グループは、現在の教育体制が子どもたちの好奇心や創造性を育むことができず、特に多様な特性を持つ子どもたちへの理解や支援が不十分であることに焦点を当てています。また、受験競争や画一的な教育アプローチが子どもたちに与える精神的な負担や、放課後活動や学習環境の不足についても言及されており、全体として子ども中心の学習環境が整備されていないことが問題視されています。,48,1_7,5.866127292914635,378.0,0.945
2,2_182,災害対策の強化と国民安全の確保,この意見グループは、地震やその他の自然災害に対する住宅の安全性やインフラの強靭化、国会機能の維持、災害時の情報共有や連携の不足、避難所の安全性、国際的な連携の必要性など、災害対策全般における現状の脆弱性とその改善策に関する懸念が中心です。特に、災害時における国民の保護や迅速な対応が求められており、実効性のある防災対策の推進が必要であるという意見が多く見受けられます。,128,1_10,8.496049338427602,179.0,0.4475
2,2_348,医療費負担の適正化と制度改革の必要性,この意見グループは、個人の医療費負担が過大であることや、医療制度の不均衡、診断の遅れ、医療費の増加に対する懸念が中心です。特に、現行の医療費自己負担制度や医療政策の不適切さが指摘されており、医療費の適正化や制度改革が求められています。また、生活習慣病や健康診断の受診率の低さが健康悪化に繋がる可能性についても言及されています。,60,1_5,10.90978498390124,81.0,0.2025
2,2_305,税制と社会保障制度における公平性の欠如とその影響,この意見グループは、現行の税制や社会保障制度が公平性に欠けており、特定の層に過度な負担を強いることや、所得と資産のバランスが考慮されていないことに対する懸念が中心です。また、税や社会保険料の徴収の透明性や、個人の選択肢を尊重する必要性が強調されており、これらの問題が所得格差の拡大や不公平感を生む要因となっていることが指摘されています。,22,1_17,7.193083076560996,297.0,0.7425
2,2_74,経済財政政策における透明性と明確性の欠如,この意見グループは、予算執行や経済財政ビジョンに関する透明性の不足、政策の不明確さ、及び情報のアクセスの難しさに対する懸念が中心です。特に、予算や決算の詳細が一般に伝わっていないことや、政策効果の検証が不十分であることが指摘されており、これにより国民の理解や関心が深まらない状況が浮き彫りになっています。また、防衛費や特別会計に関する透明性の欠如も重要な論点として挙げられています。,47,1_18,6.938842486377771,320.0,0.8
2,2_168,政策文書におけるビジョンとコミュニケーションの不明確さ,この意見グループは、チームみらいのビジョンや政策理念が政策文書に十分に反映されておらず、一般市民にとって理解しにくい専門用語が多用されていることに対する懸念が中心です。また、政策文書が国民とのコミュニケーションに障壁を生じさせている点や、具体的な行動が伴わないスローガンの使用が支持拡大を妨げていることも指摘されています。,60,1_18,11.297849193915628,75.0,0.1875
2,2_7,安楽死と尊厳死に関する社会的議論の必要性,この意見グループは、安楽死や尊厳死に関する社会的な議論や政策が不足していることに対する認識が中心です。現行の医療制度や法律がこれらの問題に適切に対応できていないこと、また多様性の尊重が不十分であることが指摘されており、国民的な議論を促進する必要性が強調されています。,22,1_17,11.91095593097051,58.0,0.145
2,2_220,都市部における自然環境と資源管理の課題,この意見グループは、都市部における自然環境の不足や樹木管理、土木技術の問題、資源循環の未整備など、環境保護と持続可能な資源管理に関する多様な課題を指摘しています。特に、人工林の管理や新しい移動手段に対する安全策の欠如、地域資源の活用不足が強調されており、これらの問題が都市の生態系や住民の安全に影響を与えていることが示されています。,31,1_11,5.40952372057463,393.0,0.9825
2,2_120,産業政策の包括的改善と持続可能性の確保,この意見グループは、現在の産業政策における多様な課題を指摘し、特に一次産業や中小企業への配慮が不足している点、イノベーションや持続可能性を阻害する要因、そして政策の具体性や透明性の欠如に対する改善の必要性を強調しています。また、産業政策が経済全体に与える影響や、特定の産業における人手不足、利権や癒着の問題についても言及されており、包括的な見直しが求められています。,72,1_12,7.988657348554012,219.0,0.5475
2,2_28,日本におけるデジタル化の遅れとその影響,この意見グループは、日本におけるデジタル化の進展が遅れていることに対する懸念を中心に構成されています。防災や行政、産業など様々な分野でデジタル技術の活用が不十分であり、これが社会全体の効率性や信頼性に悪影響を及ぼしているという指摘が多く見られます。また、デジタル基盤の整備や政策の明確化が求められており、今後の持続可能な社会の実現に向けた課題が浮き彫りになっています。,70,1_8,8.291808065407412,196.0,0.49
2,2_321,未来ビジョンの不明確さと包括性の欠如,この意見グループは、現在のビジョンが未来に向けた明確な方向性を欠いており、受益者に対する具体的なメリットや希望が伝わりにくい点に焦点を当てています。また、生命倫理や多様性、ジェンダーギャップなどの視点が不足していることや、情報伝達手段の限界が理解を妨げていることも指摘されています。全体として、ビジョンの明文化や包括性の向上が求められています。,24,1_18,8.973908640847574,150.0,0.375
2,2_204,子ども支援制度の不備と待機児童問題の深刻化,この意見グループは、保育所や学童保育、病児保育などの子ども支援制度が現状の育児ニーズに十分に対応できていないことに焦点を当てています。特に待機児童問題や学童保育の質、運営体制の不足、病児保育の体制の不備が指摘されており、子どもや保護者に対する支援が不十分であることが共通の懸念として表れています。,35,1_2,8.402504565997573,188.0,0.47
2,2_146,福祉政策におけるアクセシビリティと公平性の欠如,この意見グループは、福祉分野における情報のアクセシビリティや制度の公平性に関する問題を中心に構成されています。具体的には、福祉情報の不足、支援の受け手が直面する障壁、制度の狭間にいる人々への支援の不十分さ、そして福祉政策における人権や尊厳の保護が不十分であることが指摘されています。これらの意見は、福祉サービスが全ての人に平等に行き届くべきであるという強い要望を反映しています。,59,1_7,6.057075576025669,369.0,0.9225
2,2_181,中小企業・スタートアップ支援の不足と生産性向上の課題,この意見グループは、中小企業やスタートアップが直面している資金調達の困難さ、柔軟な働き方の導入支援の不足、IT投資に対する初期コストの障壁、契約書の雛形不足、雇用関連手続きの煩雑さなど、さまざまな支援不足に関する懸念が中心です。また、企業の生産性向上やキャッシュレス化の推進、研究開発支援の不足など、全体的なビジネス環境の改善が求められています。,68,1_12,7.620784443834516,253.0,0.6325
2,2_49,行政サービスの効率化と一貫性の確保に向けた課題,この意見グループは、行政サービスにおける業務プロセスの非効率性や一貫性の欠如に関する懸念が中心です。特に、行政担当者の異動によるサービスの質のばらつきや、民間企業との連携不足、従来型の手続きの形骸化が指摘されています。また、環境負荷やリソースの浪費を引き起こす要因として、再配達の増加や重複開発の問題も挙げられています。これらの課題を解決するためには、業務の効率化やデータ活用、柔軟なサービス提供が求められています。,49,1_12,7.02674439157119,310.0,0.775
2,2_284,市民参加の促進と政治参加の障壁解消,この意見グループは、市民の政治参加が不足している現状に対する懸念と、参加を促進するための効率的な仕組みや環境の整備が必要であるという主張が中心です。特に、政策決定プロセスへの参加機会の不足や、参加方法のオープン化、バリアフリーな環境の整備が求められています。,62,1_16,7.812823158010689,234.0,0.585
2,2_299,未来志向の戦略的投資と経済政策の強化,この意見グループは、日本の未来に向けたエネルギー政策、産業政策、国際貢献策などにおいて、戦略的な投資が不足していることを指摘しています。特に、持続可能な社会基盤や人手不足への対応、地域経済の振興、環境投資など、さまざまな分野での資本投下が不十分であり、これが経済成長や国際的な競争力に影響を与えているという懸念が表れています。,35,1_12,6.6510227269556275,341.0,0.8525
2,2_88,業務効率化とユーザーエクスペリエンス向上の必要性,この意見グループは、企業や行政における業務の非効率性や、ユーザーインターフェース（UI）およびユーザーエクスペリエンス（UX）の課題に焦点を当てています。特に、内部留保の活用不足や、複雑な手続きが中小企業の競争力を低下させていること、また、デジタルプラットフォームの使いにくさが利用者のストレスを増加させている点が共通の懸念として挙げられています。,52,1_12,7.036744504336282,306.0,0.765
2,2_90,オンライン診療における安全性と効率性の課題,この意見グループは、オンライン診療の現状における安全性や効率性に関する懸念が中心です。具体的には、AIの活用不足やなりすましリスク、患者と医療機関間のメリット不明確さ、質の担保不足、コメディカルの役割未活用、そして希少疾患患者への対応不足など、オンライン診療の普及を妨げる構造的な課題が指摘されています。,66,1_5,20.636722916287173,20.0,0.05
2,2_187,持続可能な社会構築に向けた制度改革と支援の必要性,この意見グループは、受給者や労働者に対する負担の軽減、持続可能な復興支援、社会的倫理問題への配慮、そして人口減少に対する政策の必要性に焦点を当てています。現行の報酬体系や申請手続きの複雑さ、合理的配慮の不足など、制度的な課題が指摘されており、これらを解決するための新たな制度改革や支援の必要性が強調されています。,38,1_18,5.847851984476277,379.0,0.9475
2,2_102,仕事と育児の両立支援の不十分さと多様な生き方の尊重不足,この意見グループは、仕事と育児の両立に関する支援が不十分であること、特に多様な生き方や状況に対する配慮が欠けている点に焦点を当てています。育児と仕事の両立が困難であることや、フリーランスや自営業者、学生など特定の立場の人々への支援が不足していることが共通のテーマとして挙げられています。また、制度の整備が進んでいないことが、育児と仕事の両立を妨げているという意見も多く見られます。,63,1_2,8.483730893796587,181.0,0.4525
2,2_93,パブリックコメント制度の機能不全と市民参加の不足,この意見グループは、現行のパブリックコメント制度が市民の意見を十分に反映できていないことに焦点を当てています。具体的には、募集タイミングの不適切さ、意見の質や量の偏り、透明性の欠如、海外からの干渉リスク、そして意見の再利用が行われていないことなどが挙げられています。これらの要因が相まって、パブリックコメント制度の実効性が損なわれているという懸念が表明されています。,37,1_14,17.591271547675877,23.0,0.0575
2,2_257,外交・防衛政策における透明性と包括性の欠如,この意見グループは、現行の外交・防衛政策に対する国民への説明責任や情報提供の不足、政策インデックスの網羅性や明確性の欠如に関する懸念が中心です。特に、国防や福祉、エネルギーに関する情報が不十分であることが指摘されており、政策の理解や判断が困難になっている点が強調されています。また、改善提案の進捗状況や質の担保に関する問題も挙げられ、透明性の向上が求められています。,37,1_16,7.7383574942763405,243.0,0.6075
2,2_203,AI活用における透明性と倫理的課題の重要性,この意見グループは、AI技術の導入や活用において透明性が欠如していることに対する懸念が中心です。特に、AIの判断プロセスや学習データの透明性、倫理的基準の不明確さが問題視されており、これらが信頼性や安全性に影響を与える可能性が指摘されています。また、匿名ユーザーによるAI利用がもたらす不透明性や、ギグワーカーの評価に関する透明性の欠如も重要な論点として挙げられています。,34,1_14,5.733023946716708,383.0,0.9575
2,2_198,生活保護制度の課題と改善の必要性,この意見グループは、生活保護制度に関する様々な課題を指摘しており、特に制度の非効率性や不備、受給者の尊厳の欠如、貢献度評価の曖昧さ、そして社会的なスティグマに焦点を当てています。また、現行の制度が貧困層の自立支援やセーフティネットとしての機能を十分に果たしていないことが強調されており、制度の見直しや改善が求められています。,63,1_17,8.45255316024989,184.0,0.46
2,2_395,教育現場と行政の連携不足による多様な評価の欠如,この意見グループは、教育行政と現場との連携が不足していることから、教育評価が塾に依存し、多様なスキルや能力を証明する機会が欠如している現状を指摘しています。また、教育データの利活用や個人の強みの可視化が不十分であり、客観的なデータに基づいた支援が不足していることが問題視されています。さらに、教育現場での合理的配慮や職業適性に合致した教育が難しい状況があり、これらが生徒の成長や多様な才能の評価に影響を与えていることが強調されています。,54,1_7,7.6238265812081165,252.0,0.63
2,2_267,労働市場の柔軟性と権利保護の強化に向けた課題,この意見グループは、労働市場の柔軟性の不足や硬直化した雇用慣行、賃金格差、労働者の権利保護の不十分さなど、労働市場における多様な問題を指摘しています。特に、労働者の権利が十分に守られていないことや、雇用の流動性が低いことが経済成長を妨げているという懸念が中心です。また、相談支援専門員の役割や現行政策の限界についても言及されており、労働市場の改革に向けた新しい制度の必要性が強調されています。,62,1_9,6.8311990943554175,330.0,0.825
2,2_314,社会的支援制度の強化と最低賃金の見直し,この意見グループは、社会的支援制度の不足や最低賃金の低さが、デフレーションや地域活性化、専門職の働き方に悪影響を及ぼしていることに焦点を当てています。また、エッセンシャルワーカーや相談支援体制の強化が求められており、情報提供やフィードバック文化の改善が必要とされています。全体として、社会の人と人との関わりを深め、より良い支援体制を構築することが重要であるという意見が集約されています。,27,1_9,6.0852318641911936,367.0,0.9175
2,2_159,AI時代における教育・研究の課題と人材育成の必要性,この意見グループは、AI技術の進展に伴う教育や研究機関における資金不足や人材育成の不十分さ、AIの導入に対する抵抗感など、AI時代における教育・研究の現状と課題を中心にしています。また、AI技術の適切な活用や新たな価値創造、地域密着型の支援策の必要性についても言及されており、教育関係者や政策立案者に対する具体的な提言が求められています。,82,1_14,7.755609368123236,242.0,0.605
2,2_280,発達障害児とその家族への支援体制の不備と情報共有の必要性,この意見グループは、発達障害児や障害児全般に対する支援が不十分であり、特に情報共有や支援体制の整備が求められている点に焦点を当てています。障害者手帳の認定基準の厳しさや、支援が必要な家庭へのサポート不足、専門医の不足、制度の切り替えによる問題など、様々な側面から支援の必要性が訴えられています。,68,1_7,8.797439999196577,161.0,0.4025
2,2_105,公平性と透明性の欠如がもたらす経済的影響,この意見グループは、オンラインサービスにおけるダークパターンや制度間の不整合が消費者や労働者に不利な状況を引き起こし、経済行動や成長に悪影響を与えていることに焦点を当てています。また、公平性や包容力の不足が社会全体に及ぼす影響についても言及されており、政策の改善や透明性の確保が求められています。,30,1_18,7.830012980282285,232.0,0.58
2,2_86,情報公開と透明性の向上に向けた国民の権利保障,この意見グループは、現在の情報公開の状況が不十分であり、国民が政治情報にアクセスし理解することが困難である点に焦点を当てています。情報の透明性や公正性の欠如が国民の信頼を損なっていること、また情報提供の形式が複雑で不統一であるために国民の知る権利が保障されていないことが強調されています。さらに、情報アクセスの公平性や市民参加の促進が求められており、これらの課題を解決するための具体的な施策が必要とされています。,70,1_10,7.109987158726254,301.0,0.7525
2,2_107,政策形成における信頼性と多様性の欠如,この意見グループは、政策形成における信頼性の不足や多様な視点の欠如に関する懸念が中心です。特に、有権者との信頼関係の不足、専門的知見の活用不足、政策決定プロセスの透明性の欠如が指摘されており、これらが政策の実現能力や国民の信頼に影響を与えていると考えられます。また、政策提案や議論の活性化が求められており、特定の政治的立場に偏らない協調的な姿勢が必要とされています。,49,1_16,7.2300537590323835,292.0,0.73
2,2_42,AGI実現に伴う社会的影響と課題の総合的考察,この意見グループは、AGI（人工汎用知能）の実現がもたらす社会的・経済的影響に関する懸念や課題を中心に構成されています。特に、所得格差の拡大、失業率の上昇、社会的混乱、労働市場の変化、税制の不備など、AGIの発展に伴うリスクや必要な対策についての意見が多く見られます。また、AGIによる生産性向上の利点とそれに伴う社会的影響のバランスを取る必要性も強調されています。,32,1_14,17.267913122812114,24.0,0.06
2,2_148,現行税制の不公平性と柔軟性の欠如に関する議論,この意見グループは、現行の税制が不公平であり、経済成長を阻害している点に焦点を当てています。特に、高額商品への付加価値税の未導入や、少額投資者への過重な税負担、消費税制度の不公平性、法人税の活用不足などが挙げられています。また、税制が経済の実態に迅速に対応できていないことや、柔軟な税制変更が困難であることも指摘されており、これらの問題に対する改善策が求められています。,126,1_17,11.37823985507693,74.0,0.185
2,2_332,政治の透明性と市民参加の強化に向けた課題,この意見グループは、国政政党の政策立案能力や透明性の不足、主権者としての意識の欠如、そして市民参加の仕組みの不十分さに関する懸念が中心です。特に、政策の内容が国民に理解されにくいことや、政治家の説明責任が果たされていないことが指摘されており、これらの問題を解決するためには、より具体的で平易な政策の提示や市民の意見を反映させる仕組みの構築が求められています。,51,1_16,9.102055931184262,140.0,0.35
2,2_270,AI家庭教師の導入と教育リテラシーの課題,この意見グループは、日本の教育現場におけるAI家庭教師の役割や導入に関する不明確さ、教育者や子どもたちのAIリテラシーの不足、そして家庭環境におけるAI理解の欠如に焦点を当てています。特に、AI家庭教師が生徒の学習意欲を向上させるための具体的な手法や、AIリテラシー教育の重要性が強調されており、教育政策や実践における改善の必要性が示されています。,44,1_14,5.5524507992845,389.0,0.9725
2,2_172,AI学習アシスタントの機能と役割の明確化と強化,この意見グループは、AI学習アシスタントの機能や役割が教育現場で十分に活用されていないことに焦点を当てています。具体的には、学習意欲の低下、キャリア教育の不足、探究学習の支援不足、プライバシーの問題、そして多様な学習ニーズへの対応が不十分であることが指摘されています。これらの意見は、AI学習アシスタントが教育全体において効果的に機能するためには、役割の明確化と機能の強化が必要であることを示唆しています。,28,1_14,11.505976448578805,66.0,0.165
2,2_140,教育における地域間・経済的格差の是正と体験の多様性,この意見グループは、教育における体験格差や地域・経済状況による教育格差の存在を指摘し、それが個人の自己実現や幸福に影響を与えていることを強調しています。また、教育政策の改善や格差是正の必要性が強調されており、特に高等教育へのアクセスや教育資源の不均等が問題視されています。,54,1_7,8.107789665311914,208.0,0.52
2,2_32,マイナンバーカード制度の信頼性と利便性向上の必要性,この意見グループは、マイナンバーカード制度に対する信頼性の不足や、利用者の負担、デジタル化の遅れ、プライバシー保護の懸念など、制度の現状に対する多様な懸念を反映しています。特に、制度の透明性や効率化が求められており、国民の信頼を回復するための改善が急務であることが強調されています。,101,1_4,13.930920537198624,40.0,0.1
2,2_188,現代民主主義の危機とその改善策の模索,この意見グループは、現代の民主主義が直面している様々な課題に焦点を当てています。参加型民主主義の不十分さや民主主義リテラシーの不足、自由な言論空間のリスク、そしてAI時代に適した民主主義の基盤の欠如など、民主主義の根幹が揺らいでいることを指摘しています。また、DAOの活用やオンライン議論の重要性、国際協力における民主主義の配慮の不足など、改善策を模索する声も含まれています。,13,1_15,4.611227692890004,400.0,1.0
2,2_46,母子手帳のデジタル化に伴うリスクとニーズの多様性,この意見グループは、母子手帳のデジタル化に関する懸念や課題を中心に構成されています。特に、災害時の通信環境の不安定さや情報漏洩のリスク、紙媒体の重要性を重視する声が多く、デジタル化が強制されることへの不安や、利用者の多様なニーズに応じた柔軟な対応が求められています。また、デジタル母子手帳の導入に際してのプライバシーやセキュリティの問題も重要な論点として挙げられています。,92,1_4,12.976709404929702,46.0,0.115
2,2_302,子育て支援制度の多様性と実効性の欠如,この意見グループは、現行の子育て支援策が多様なニーズに応えられておらず、特に経済的支援や学生への配慮が不足していること、また社会全体での子育て支援の意識や仕組みが不十分であることに焦点を当てています。さらに、男女の役割分担や育児参加の促進が求められており、子育て支援制度の改善が急務であるという意見が多く見られます。,94,1_2,10.074107499057288,101.0,0.2525
2,2_340,高齢者の移動支援と交通安全の課題,この意見グループは、高齢者の運転免許制度や移動手段に関する問題を中心に、高齢者の運転能力の低下や交通事故のリスク、移動の自由の制限、福祉サービスの不足など、さまざまな課題が指摘されています。特に、高齢者が安全に移動できる環境を整えるための政策や支援が不十分であることが強調されており、これにより高齢者の生活の質や健康寿命に影響を及ぼす可能性があることが懸念されています。,43,1_7,8.91439429770313,153.0,0.3825
2,2_91,土地利用と安全保障に関する規制の不備,この意見グループは、外交・防衛分野における土地利用の規制が不十分であることに焦点を当てています。特に、土地取引監視体制や土地政策が安全保障に対する配慮を欠いている点、非居住者による不動産取得が地域社会に与える影響、所有者不明土地問題など、土地利用に関する様々な課題が指摘されています。これらの意見は、国土の安全保障や環境衛生に対する懸念を反映しており、現行の規制や制度の見直しが求められています。,38,1_20,6.686959370167694,337.0,0.8425
2,2_112,持続可能な農林水産業の確立に向けた政策の必要性,この意見グループは、現在の農林水産業が持続可能性に欠けており、政策の不十分さやデータ活用の不足、農業従事者の減少などが問題視されています。特に、持続可能な食料生産や資源循環の確保、農業政策の重要性の認識不足が指摘されており、これらの課題を解決するための多角的な政策の必要性が強調されています。,58,1_11,9.727264619440898,111.0,0.2775
2,2_17,情報アクセスの不平等と利便性向上の必要性,この意見グループは、インフラへのアクセスの不平等性や情報提供システムの利便性の欠如に関する懸念が中心です。特に、エンジニア以外の利用者が情報を理解しにくい現状や、フリーWi-Fiの不足による情報格差、情報アクセシビリティの不十分さが指摘されています。また、データ収集や分析の精度、ユーザー間の信頼性の確保、現場対応力の強化など、情報共有の効率化に向けた具体的な改善が求められています。,49,1_10,6.560953985976728,345.0,0.8625
2,2_236,結婚に伴う姓変更と旧姓使用に関する社会的課題,この意見グループは、結婚に伴う姓の変更や旧姓の使用に関する制度的な問題点や社会的な理解不足に焦点を当てています。特に、旧姓使用の権利が不十分であることや、婚姻後の姓変更が個人のアイデンティティやキャリア形成に与える不利益、さらには現行の夫婦同氏制度が個人の尊厳を侵害する可能性についての懸念が表れています。これらの意見は、より柔軟で個人の意思を尊重した姓のあり方を求める声としてまとめられます。,29,1_1,10.160011893172811,99.0,0.2475
2,2_175,教育環境における多様性と主体性の欠如,この意見グループは、教育現場における多様な幸福観や学習意欲の尊重が不十分であり、学生の主体的な学びや生涯学習の機会が十分に提供されていないことに対する懸念が中心です。また、教育政策やカリキュラムにおいて、倫理観や道徳教育、探求力・創造力の育成が軽視されている点も指摘されています。,113,1_7,9.249181560228749,134.0,0.335
2,2_25,インボイス制度の改革と不公平感の解消,この意見グループは、現行のインボイス制度が多くの問題を引き起こしていることに対する懸念が中心です。特に、事業者間の税負担の不公平感や、制度の複雑さ、事務負担の増加、そして小規模事業者への不利な影響が指摘されています。これらの意見は、インボイス制度の見直しや廃止を求める声が多く、経済や社会における公平性の確保が重要であることを示しています。,38,1_19,40.68504597855774,7.0,0.0175
2,2_377,社会保障制度と経済的公正の改善に向けた提言,この意見グループは、国民健康保険や年末調整制度、住宅支援などの社会保障制度における自動化や効率化の必要性、また公正な富の分配や報酬の実現に関する問題提起が中心です。特に、経済的負担の不均衡や透明性の欠如が指摘されており、これらの課題を解決するための具体的な施策が求められています。,40,1_18,6.453694881846452,357.0,0.8925
2,2_247,憲法改正に向けた国民的議論の必要性と透明性の向上,この意見グループは、憲法改正に関する議論が国民の意思を十分に反映していない現状を指摘し、国民的な議論の重要性や透明性の向上を求める声が中心です。特に、若者や将来世代の意見が反映されていないこと、現行の改正プロセスが政府主導であるために多様な意見が集まりにくい点が強調されています。また、憲法が現代の社会的課題に対応できていないことや、改正手続きの柔軟性の必要性についても言及されています。,41,1_16,12.076263008052086,55.0,0.1375
2,2_54,憲法9条と平和主義の明確化に向けた政策の必要性,この意見グループは、憲法9条に基づく防衛政策や平和主義の解釈が不明確であることに対する懸念が中心です。具体的には、憲法の基本原理や権利の尊重が不十分であり、国民への情報提供や方針の明確化が求められています。また、憲法における選択の自由や多様な生き方の尊重が不足していることも指摘されており、これらの問題を解決するための具体的な政策の必要性が強調されています。,79,1_16,8.126124224261183,206.0,0.515
2,2_96,地域医療連携の強化と医療システムの効率化,この意見グループは、病院と地域の医療機関との連携不足が患者への医療提供に悪影響を及ぼしていること、また医療システム全体の効率化が求められている点に焦点を当てています。具体的には、医療の質の標準化、診断の効率化、医療資源の適切な利用、そして医療機関の経営透明化が必要であるとの意見が多く見られ、地域医療との連携強化が急務であることが強調されています。,65,1_5,7.574461893806835,260.0,0.65
2,2_213,育児休業制度の不備と家族ニーズへの非対応,この意見グループは、現行の育児休業制度が家族のニーズに十分に応えられていないことに焦点を当てています。具体的には、育休給付の算定基準や支給率、職場環境の整備不足、育休後のキャリア継続の難しさなど、制度の不十分さが多岐にわたる問題を引き起こしていることが指摘されています。特に、育児と仕事の両立における柔軟性の欠如や経済的支援の不安定さが、保護者にとっての大きな課題となっています。,82,1_2,9.444363490827865,125.0,0.3125
2,2_48,保育士の待遇改善と専門性の尊重に関する課題,この意見グループは、保育士の待遇や労働環境に関する深刻な問題を指摘しており、経験年数に応じた適切な改善や給与水準の向上、配置基準の見直しが求められています。また、保育士の専門性が軽視されていることや、潜在保育士の復帰を妨げる環境が存在することも強調されており、全体として保育士の職業的地位向上と労働環境の改善が急務であることが示されています。,84,1_2,11.424793213185257,72.0,0.18
2,2_35,教育制度の多様性と現代社会への適応不足,この意見グループは、現在の教育制度が中間層や多様なキャリアパスに対する支援が不十分であり、教育政策が現場の実情や社会の変化に対応できていない点に焦点を当てています。また、教育理念の不明確さや評価基準の曖昧さが、教育の質や効果に悪影響を及ぼしていることが指摘されています。,88,1_7,10.016644639087689,104.0,0.26
2,2_26,デジタル母子パスポートの機能と安全性に関する懸念,この意見グループは、デジタル母子パスポートに関する機能不足や安全性、プライバシーの懸念、災害時の対応力の不十分さなど、利用者が直面する具体的な問題点に焦点を当てています。特に、手書きメッセージの取込機能やオフライン利用の可否、専門家面談の不足、データ永続性、緊急時アクセス機能の欠如など、利用者の多様なニーズに応えられていない現状が指摘されています。,75,1_5,25.709513911967814,12.0,0.03
2,2_260,税制改革による簡素化と効率化の必要性,この意見グループは、現行の税制が複雑であることが社会全体の効率化や公平性に対する障害となっていることを指摘しています。税制の簡素化や改革が求められ、特に中小企業や納税者にとっての負担軽減、自由競争の促進、AI技術の活用、そして公平な税制の実現が重要なテーマとして挙げられています。,69,1_17,9.004450504114782,148.0,0.37
2,2_173,確定申告手続きの煩雑さと効率化の必要性,この意見グループは、現在の確定申告プロセスが国民や企業にとって大きな負担となっていることに焦点を当てています。手続きの煩雑さや非効率性、行政コストの増大、そして納税者にとっての障壁が指摘されており、これらの問題を解決するための自動化や簡素化が求められています。特に、ITリテラシーが低い層にとっての負担や、税制の複雑さが公平性を損なう可能性についても言及されています。,58,1_17,6.484083344123422,354.0,0.885
2,2_399,農業政策の不足と次世代農業の推進に関する課題,この意見グループは、現行の農業政策が新規就農者や既存農家を十分に支援できていないこと、また農業分野における担い手不足や高齢化、スマート農業の導入が進んでいないことに対する懸念が中心です。さらに、農業の生産性向上や販路拡大、所得向上に向けた政策の不足が指摘されており、次世代農業の推進が求められています。,93,1_11,10.64035482270795,88.0,0.22
2,2_128,国民生活重視の経済政策の必要性と透明性の向上,この意見グループは、現行の経済政策が国民生活に対する配慮が不足していることや、具体的な経済成長目標や透明性の欠如が問題視されています。また、政策の受益者が不明確であることや、財政運営の適切さ、金融政策の独立性、持続可能な財政制度の必要性など、経済政策全般にわたる改善点が指摘されています。特に、生活の質を守るための政策の重要性や、現代貨幣理論（MMT）を反映した柔軟な対応が求められています。,112,1_18,6.90858251811839,322.0,0.805
2,2_310,日本の国際競争力向上に向けた多面的な課題,この意見グループは、日本の国際競争力を向上させるために直面している多様な課題を示しています。具体的には、国産のデジタルインフラや研究開発体制の整備、英語能力の向上、中小企業の技術発信、外国人材の活用、そして新技術の市場導入の遅れなどが挙げられます。これらの課題は、国際的なコミュニケーションや競争において日本が直面している障壁を反映しており、解決に向けた取り組みが求められています。,25,1_12,5.439413180455862,392.0,0.98
2,2_226,世代間の公平性と社会保障制度の持続可能性の再考,この意見グループは、現行の社会保障制度が世代間の受益と負担のバランスを欠いており、特に少子高齢化や多様なライフスタイルの変化に対応できていない点に焦点を当てています。また、社会保障費の増加や負担の不公平感が経済全体の活力を損なう可能性があることから、制度の改革や最適化が求められています。,31,1_17,8.251553982327664,201.0,0.5025
2,2_153,ベーシックインカム導入に関する懸念と検討課題,この意見グループは、ベーシックインカムの導入に対する懸念や必要性、財源の課題、社会実験の不足など、導入に向けた多角的な検討が求められている点に焦点を当てています。特に、経済的不平等や格差の拡大の可能性についての懸念が強調されており、実現に向けた高いハードルが存在することが示されています。,10,1_15,114.52502243882348,2.0,0.005
2,2_177,地方における生活環境の改善と地域活性化の必要性,この意見グループは、地方における住民の生活環境やインフラの不足、特に移動手段や買い物の利便性に関する問題を中心に、地域住民のニーズに応じた支援体制の強化や地域間格差の解消が求められています。また、地域コミュニティの協力体制や経済活動の活性化が重要であることが強調されています。,57,1_18,8.603793878773818,174.0,0.435
2,2_166,デジタル教育の現状と課題,この意見グループは、教育分野におけるデジタル化の進展とその課題に焦点を当てています。メディアリテラシーやデジタル・シティズンシップ教育の不足、教育制度のデジタル化の遅れ、デジタルとアナログのバランスの欠如など、デジタル教育の質と効果に関する懸念が表れています。また、教育政策におけるデジタル推進の不十分さや、発達障害当事者の視点が考慮されていない点も指摘されており、全体として教育のデジタル化に向けた具体的な改革が求められています。,45,1_8,7.2771491788428575,290.0,0.725
2,2_67,日本文化のデジタル保存と振興に関する課題,この意見グループは、日本の伝統文化や文化財のデジタルアーカイブ化が進んでいないこと、文化資源の保存や活用が不十分であること、そして文化政策の具体性や実行力が欠けている点に焦点を当てています。特に、伝統工芸や文化財の保護、地域社会における文化活動の支援が不足していることが強調されており、これらの問題が日本文化全体の継承や発展に影響を及ぼしていると指摘されています。,95,1_17,7.991638670705109,217.0,0.5425
2,2_183,再生可能エネルギー政策の課題と国民負担の懸念,この意見グループは、再生可能エネルギーの導入に関するさまざまな懸念を示しています。特に、国民負担や環境への影響、経済性の不透明さ、導入の遅れ、技術開発の不足などが挙げられ、再生可能エネルギー政策が十分に策定されていない可能性が強調されています。また、自然環境との調和や地域への影響も重要な論点として浮かび上がっています。,91,1_13,15.659027995497743,31.0,0.0775
2,2_41,税制の透明性と国民のエンパワーメントの必要性,この意見グループは、税金の使途や税制の運営における透明性の欠如が国民の信頼を損ない、納税者の自己決定や自立的な活動を妨げていることに焦点を当てています。また、税制に関する意思決定プロセスにおいて客観的な分析ツールや情報公開が求められており、国民の税に対する意識向上やエンパワーメントが必要であるという意見が多く見られます。,53,1_17,9.184451634752508,137.0,0.3425
2,2_192,博士課程学生の経済的支援不足と人材育成の課題,この意見グループは、博士課程学生が直面している経済的支援の不足や、研究環境の不備、専門人材の育成に関する問題に焦点を当てています。特に、博士人材の待遇改善や育成機会の拡充が求められており、経済的困難が研究活動に与える影響や、企業や政策の理解不足が指摘されています。,59,1_9,6.678458493826677,339.0,0.8475
2,2_208,セーフティネットの強化と持続可能な研究環境の構築,この意見グループは、セーフティネットの不十分さや社会的リスクに対する懸念、特にAI時代や物価高に対応した制度の必要性を強調しています。また、研究成果の事業化や基礎研究への投資不足、短期成果主義の影響など、持続可能な研究環境の構築に向けた課題が多く挙げられています。これらの意見は、社会全体の安定とイノベーションの促進に向けた具体的な政策の必要性を示唆しています。,61,1_9,6.9522922840387,318.0,0.795
2,2_16,就職氷河期世代への包括的支援の必要性,この意見グループは、就職氷河期世代が直面している多様な課題に対する支援が不足していることに焦点を当てています。メンタルケアや雇用の不安定さ、社会保障の網からの漏れ、具体的な支援策の欠如など、彼らが抱える特有の問題に対して、現行の制度や政策が十分に対応できていない現状が強調されています。,54,1_6,62.474716698479824,4.0,0.01
2,2_185,行政改革における透明性と効率性の向上,この意見グループは、行政活動における透明性や効率性の不足、広報活動の内製化の遅れ、国会運営の非効率性、そして行政改革の目的や内容の不明確さに対する懸念が中心です。特に、住民との信頼関係の構築や、行政リソースの透明性向上が求められており、改革案の具体性や評価基準の明確化が必要とされています。,59,1_18,7.229009363223074,293.0,0.7325
2,2_51,政策透明性とデータ活用の不足による信頼性の低下,この意見グループは、政策決定や施策の実施における透明性の欠如、データに基づく分析や情報公開の不十分さが、市民の信頼を損なうリスクを引き起こしていることに焦点を当てています。具体的には、責任の所在が不明確であることや、情報発信の役割が不明瞭であることが、政策の効果や実効性を低下させているという懸念が表れています。,41,1_10,6.81403439960628,331.0,0.8275
2,2_199,住宅政策と空き家問題に関する包括的な課題,この意見グループは、障害者や一般市民が安全で安定した住環境を確保することが難しい現状、空き家の増加が経済や社会に与える悪影響、そして現行の住宅政策が時代に適応していないことに焦点を当てています。特に、家賃補助や公営住宅の情報不足、老朽化した住宅の管理問題、空き家の衛生問題など、さまざまな側面から住宅環境の改善が求められています。,60,1_18,7.086956523385506,304.0,0.76
2,2_365,市場競争の健全性と消費者保護の強化に向けた制度改革,この意見グループは、現在の市場における不公正な取引や転売行為が消費者に与えるリスク、及びそれに対する制度の不十分さに焦点を当てています。特に、備蓄米や中古品の取り扱い、金融リテラシーの不足、住宅政策の不備など、様々な分野での制度改革の必要性が強調されており、消費者保護と市場競争の健全性を確保するための具体的な対策が求められています。,54,1_18,5.69421316437237,384.0,0.96
2,2_218,政策マニフェストの理解促進に向けた専門用語の見直しと情報整理,この意見グループは、現行の政策マニフェストにおける専門用語の多用や不明確な時間軸が、一般の読者にとって理解を妨げているという問題に焦点を当てています。特に、専門用語やカタカナ語が多く使用されているため、政策内容が伝わりにくく、読者の理解意欲を削ぐ要因となっていることが指摘されています。また、文書の構成や視認性の低さが、読了率や情報の受け取りやすさに影響を与えていることも強調されています。,42,1_18,10.081070977441563,100.0,0.25
2,2_379,情報保護と地域安全の強化に向けた包括的な改革,この意見グループは、情報保護体制や地域の安全性に関する懸念が中心であり、機密情報の漏洩や不正アクセスのリスク、緊急事態に対する法的枠組みの不十分さ、地域の治安維持の不足など、さまざまな側面からの改善が求められています。また、情報提供の透明性や個別化、制度の明確化、情報機関の強化など、包括的な改革が必要であるという意見が多く見られます。,41,1_10,7.519713478983587,263.0,0.6575
2,2_363,個別ニーズに応じた支援体制の強化と改善,この意見グループは、現行の支援制度が個人の多様な状況やニーズに十分に応えられていないことに焦点を当てています。特に、支援が必要な人々に適切に届いていない、支援策が複雑で効果が薄い、持続的な支援が不足しているなどの問題が指摘されており、個別の困難に対するきめ細やかな対応や、具体的な支援策の必要性が強調されています。,66,1_9,7.990524463079768,218.0,0.545
2,2_114,支援体制の不備と必要なサポートの欠如,この意見グループは、障がいの有無にかかわらず、公正なルールの適用や必要なサービスの提供が不十分であることに焦点を当てています。特に、人的リソースの不足や支援制度の見直しが求められ、柔軟で持続可能な支援体制の構築が必要であるという意見が多く見られます。また、現場でのサポートや対面での支援が不足していることが、必要な支援が届かないリスクを高めていることも指摘されています。,51,1_9,9.040266028857994,146.0,0.365
2,2_92,暗号資産税制の見直しと国際競争力強化の必要性,この意見グループは、現行の暗号資産税制が不適切または不十分であり、特に国際標準や産業政策に適合していないことを指摘しています。また、税制の複雑さや手続きの煩雑さがWeb3技術の活用を妨げていること、さらには量子計算技術の進展に伴うリスクについても言及されています。これらの意見は、暗号資産に関する税制の改善と国際競争力の強化が急務であることを示唆しています。,16,1_15,40.109057743729934,8.0,0.02
2,2_357,所得制限と不公平感がもたらす個人の選択肢の制約,この意見グループは、政策や制度が個人の生き方や選択を十分に尊重していないこと、特に所得制限や多重下請け構造が個人の経済的自由や働く意欲に悪影響を与えている点に焦点を当てています。また、所得再分配機能の不全や税制優遇策の不足が不公平感を生み出し、個人の価値観やライフスタイルに沿った選択を困難にしているという懸念が表れています。,18,1_17,5.313398668843665,395.0,0.9875
2,2_274,行政改革における効率性と透明性の向上,この意見グループは、行政組織の評価制度や政策決定プロセスの改善、国民の幸福度を重視した改革の必要性を強調しています。また、中央集権的な制度の見直しや不正行為への迅速な対応、公共事業の透明性向上が求められており、全体的な行政の効率性と信頼性を高めるための具体的な施策が不足していることが指摘されています。,45,1_12,7.035455676227187,307.0,0.7675
2,2_1,持続可能な成長戦略と政策の整合性の欠如,この意見グループは、無計画な支出や短期的な経済支援に偏った政策が将来世代への負担を増加させる懸念を示しています。また、長期的な成長戦略や持続可能性が十分に考慮されていないこと、制度の複雑さが国民にとって理解しづらいこと、さらには民間の役割や地域貢献の促進が不足している点が指摘されています。全体として、持続可能な経済成長を実現するための戦略的な視点が欠如していることが強調されています。,31,1_18,6.841208927334686,329.0,0.8225
2,2_320,終末期医療におけるQOL向上と制度の不備,この意見グループは、終末期医療に関連する制度や選択肢の不足、患者の生活の質（QOL）への配慮が不十分であることに焦点を当てています。具体的には、患者が自身の治療方針を選択できる制度の欠如や、終末期医療に関する国民的コンセンサスの未形成、緩和ケアの選択肢の不足などが挙げられ、これらが患者のQOLの向上を妨げているという意見が中心です。,30,1_5,7.920283623401404,225.0,0.5625
2,2_248,日本の国際競争力強化に向けた多面的な課題,この意見グループは、日本の国際競争力の低下に関する懸念を中心に、科学技術、教育、産業、ITインフラ、政策など多岐にわたる課題を指摘しています。特に、国際標準の形成や研究予算の不足、クラウドサービスとの連携強化、そして人材育成の重要性が強調されており、これらの要素が相互に関連し合いながら、日本の競争力を左右していることが示されています。,77,1_11,7.6842434875438785,248.0,0.62
2,2_217,若手研究者支援と研究環境の改善に向けた課題,この意見グループは、若手研究者が直面する多くの課題に焦点を当てています。具体的には、日常業務との両立の困難さ、支援不足、キャリアパスの不明確さ、研究資金の不足、事務活動による研究時間の圧迫などが挙げられます。また、研究者の待遇や雇用の安定性、先端科学技術分野における人材の質・量の不足、海外からの優秀な研究者を呼び込むための環境整備の不十分さも指摘されています。これらの要素は、若手研究者のキャリア形成や研究環境の安定に大きな影響を与えており、改善が求められています。,90,1_9,6.88840326527446,325.0,0.8125
2,2_69,研究資金管理と運営の透明性向上に関する懸念,この意見グループは、研究室運営や研究費管理における透明性の不足、過度な監視の懸念、事務負担の過大さ、そして研究環境の改善に向けた具体的な提案が中心です。特に、研究費のルールや運用方法の不明確さが研究者に与える負担や、基礎研究支援の透明性と実効性の不足が指摘されており、研究者が独創的な研究に挑戦するための資金的裁量の限界も問題視されています。,39,1_9,8.863240865096381,157.0,0.3925
2,2_258,AI育児相談ポータルの課題と保護者支援の不備,この意見グループは、AI育児相談ポータルに関する多様な課題を指摘しており、特に保護者の権利やニーズが十分に考慮されていない点、AIと専門家の役割が不明確である点、情報提供や相談機能の不足、そして保護者同士のコミュニティ形成の困難さが中心となっています。また、育児相談におけるAIの信頼性や利便性の低さ、児童虐待への対応の不十分さも重要な論点として挙げられています。,42,1_2,8.749234382845222,164.0,0.41
2,2_265,持続可能な経済成長と政策の再構築,この意見グループは、現行の経済政策や都市政策が持続可能性や環境保全に対して不十分であること、また新しい経済理論や成長モデルの導入が求められている点に焦点を当てています。経済成長と環境保全の両立、経済的不安定さへの新しいアプローチ、そして政策の透明性や効果的な浸透が重要であるという意見が多く見られます。,64,1_18,6.9799891147056305,315.0,0.7875
2,2_180,財政透明性の欠如と国民信頼の低下,この意見グループは、国や地方自治体の財政状況や予算策定プロセスにおける透明性の不足が中心的なテーマです。具体的には、財政の実態把握や資金調達計画の不明確さ、NPOへの公金投入の透明性の欠如などが挙げられ、これらが国民の信頼を損なう要因となっていることが指摘されています。また、経済財政政策における情報の透明性の不足や、国民生活の変化への迅速な対応が不十分であることも問題視されています。,66,1_18,7.758491667230145,241.0,0.6025
2,2_138,制度の不備と経済活動への影響,この意見グループは、現行の法制度や経済政策が国民や事業者に対して不必要な阻害をもたらし、経済活動や社会制度への信頼性を損なっている点に焦点を当てています。特に、NISA制度や民事執行制度の不十分さ、資源の無駄遣い、経済モデルの問題などが指摘されており、これらが経済の活性化や持続可能性に対する障害となっていることが共通のテーマです。,59,1_18,8.101259534283445,210.0,0.525
2,2_308,原子力依存からの脱却と持続可能なエネルギー政策の再構築,この意見グループは、現在のエネルギー政策が原子力や化石燃料に過度に依存していることに対する懸念が中心です。特に、原子力の活用や次世代技術の導入が進んでいないこと、火力発電の比率を見直す必要性、エネルギー政策の持続可能性や社会的受容性の向上が求められています。また、エネルギー供給の不安定性や老朽化した設備による効率低下、使用済み核燃料問題への具体的な対策が必要であるとの意見も含まれています。,55,1_13,7.407662935634869,278.0,0.695
2,2_117,原子力発電政策の見直しと再稼働プロセスの迅速化,この意見グループは、原子力発電に関する政策の不明確さや手続きの複雑さ、再稼働の遅延に対する懸念が中心です。特に、原子力発電の役割や経済性、環境への影響についての議論が不足していることが指摘されており、再稼働や新型炉の建設に向けた明確な方針が求められています。また、火力発電の廃止計画や廃炉プロセスの明確化も重要な論点として挙げられています。,107,1_13,10.011226301463386,105.0,0.2625
2,2_342,選挙ポスター制度の公平性と効率性の向上に向けた提言,この意見グループは、現行の選挙ポスター掲示制度における公平性の欠如や効率性の低さに対する懸念が中心です。特に、物理的なポスター掲示の非効率性やコストの高さ、デジタル化の必要性が強調されており、選挙活動の公正性を確保するための制度改革が求められています。,16,1_15,21.82205894885682,18.0,0.045
2,2_277,安全保障政策の強化と具体的対策の必要性,この意見グループは、国の安全保障に関する現行の政策や対策が不十分であるとの懸念が中心であり、特に即効性のある具体的な対策や施策の強化が求められています。また、治安や国民保護に関する問題、SNS運用の透明性、フェイク情報対策など、多岐にわたる安全保障上のリスクが指摘されています。,53,1_10,7.596553366172567,258.0,0.645
2,2_291,障害者手帳のデジタル化と手続きの効率化に関する課題,この意見グループは、障害者手帳や自立支援医療受給者証の管理が非効率であり、特に手続きの煩雑さやデジタル化の遅れに対する懸念が中心です。デジタル障害者手帳の利便性や安全性、プライバシー保護に関する問題も指摘されており、全体として障害者手帳の申請・更新プロセスの改善とデジタル化の推進が求められています。,25,1_4,15.52058179030413,32.0,0.08
2,2_230,デジタル社会における安全性と信頼性の確保に関する課題,この意見グループは、デジタル経済や社会における安全性、プライバシー、透明性、信頼性に関する様々な懸念を示しています。サイバー犯罪やデジタルインフラの脆弱性、個人情報保護の不十分さ、そしてデジタル化に伴うリスクが強調されており、これらの問題がデジタル社会の持続可能性や利用者の安心感に影響を与えていることが共通のテーマとなっています。,38,1_8,10.22036711915613,97.0,0.2425
2,2_62,動物愛護政策の不備と共生社会の実現に向けた課題,この意見グループは、現行の動物愛護政策が不十分であり、動物と人間の共生が十分に考慮されていないことに対する懸念が中心です。動物の権利や福祉が適切に保護されていないこと、教育や制度の不足、動物虐待の問題など、包括的な動物愛護政策の必要性が強調されています。,48,1_17,7.497491793120303,265.0,0.6625
2,2_4,選挙制度の透明性と公平性の欠如に関する懸念,この意見グループは、現行の選挙制度が民意を正確に反映していないことや、候補者情報の不透明さ、若い世代の参加を促す仕組みの欠如など、選挙制度に関する多様な課題を指摘しています。また、選挙プロセスの透明性や公正性の不足が有権者の意思決定に影響を与え、政治参加の障壁を高めている点が強調されています。,83,1_15,8.142304387550942,204.0,0.51
2,2_82,相続・贈与税制の不適切さと経済活性化への影響,この意見グループは、現行の相続税や贈与税制度が資産の死蔵や経済の活性化を阻害しているという懸念に焦点を当てています。特に、高所得者への減税配慮の不十分さや、事業承継の障壁、逆転現象、資産移転の妨げなど、税制の不公平感や非効率性が経済活動に与える影響についての意見が多く見られます。,47,1_17,9.416169333336242,126.0,0.315
2,2_297,教育とキャリア支援の質向上に向けた包括的な改革の必要性,この意見グループは、教育やキャリア支援に関する現行の制度や投資が不十分であることに対する懸念が中心です。特に、教育への資金投入の不足、評価基準の不適切さ、キャリア形成支援の欠如などが指摘されており、これらの問題を解決するための具体的な改革や投資の必要性が強調されています。また、教育投資の効果検証や多様な人材の活用を促進するための環境整備も求められています。,77,1_7,8.255894358256363,200.0,0.5
2,2_347,透明性の欠如と信頼性の低下に関する懸念,この意見グループは、内部通報や政策立案、開発プロセスにおける透明性の不足が、信頼性の低下や国民の不安を引き起こしていることに焦点を当てています。特に、透明性が確保されていないことが外部からの協力やフィードバックを難しくし、結果として行政や政策への信頼を損なう要因となっていることが強調されています。,36,1_16,6.536451264351654,349.0,0.8725
2,2_329,高齢化社会における医療と介護の持続可能性の課題,この意見グループは、日本の高齢化が進展する中で、医療と介護の持続可能性に関する多様な問題を指摘しています。特に、地方やへき地における医療アクセスの不十分さ、産後ケアや訪問看護の地域格差、医療資源の非効率的な使用、そして高齢者や病弱者への支援不足が強調されています。また、認知症患者の増加や介護負担の増大が、社会保障制度や医療制度に与える影響についても言及されており、これらの課題に対する解決策が求められています。,31,1_5,6.287465969242989,362.0,0.905
2,2_141,精神医療へのアクセスと質の向上に関する課題,この意見グループは、精神科医療や心理療法へのアクセスの不足、質の低下、特に若年層や特定の患者群に対する支援の不十分さに焦点を当てています。また、精神保健福祉の充実やリハビリテーションの必要性、匿名での相談の重要性など、精神医療全体の構造的な問題や政策の改善が求められています。,37,1_7,5.92206357867077,375.0,0.9375
2,2_139,選択的夫婦別姓制度の未整備による個人の自由とアイデンティティの制約,この意見グループは、選択的夫婦別姓制度が未整備であることにより、個人の選択の自由やアイデンティティが制約されているという点に焦点を当てています。現行の制度では、夫婦が同姓を強制されることで、個人の権利や多様なライフスタイルが尊重されていないと感じる意見が多く、特にアイデンティティの保持や社会活動における不便さが指摘されています。,84,1_1,10.861454215499029,83.0,0.2075
2,2_369,子育て政策の多様性と包括性の欠如,この意見グループは、現在の子育て政策が親子の断絶や育児支援の不足、子どもの視点の欠如など、さまざまな問題を抱えていることを指摘しています。また、従来の家族観や表現が現代の多様な家族構成に合致していないことや、政策の優先順位や具体性が不明瞭であることが強調されています。これらの意見は、子育て政策がより包括的で多様性を反映したものであるべきだという要求を示しています。,59,1_2,8.07261161941711,211.0,0.5275
2,2_38,介護・医療分野における深刻な人材不足とその影響,この意見グループは、介護および医療分野における人手不足が深刻であり、その結果として業界の質の低下や経営の不安定さが懸念されていることに焦点を当てています。また、専門職の待遇改善や外国人介護人材の確保、育成の不十分さなど、さまざまな要因が人材不足を助長していることが指摘されています。,37,1_5,7.415438482720578,276.0,0.69
2,2_361,医療従事者の待遇改善と持続可能な労働環境の確保,この意見グループは、医療従事者の待遇や労働環境に関する問題に焦点を当てており、特に待遇改善の必要性や労働環境の不公正さ、医療人材の不足が地域医療に与える影響についての懸念が表れています。医療従事者の人権ややりがいの重要性も強調されており、持続可能な医療体制の構築に向けた具体的な提案が求められています。,41,1_5,9.297796215034172,131.0,0.3275
2,2_6,性犯罪対策の強化と厳罰化の必要性,この意見グループは、性犯罪が依然として社会に深刻な影響を及ぼしていることを背景に、現行の法制度や対策が不十分であるとの認識が共有されています。特に、厳罰化や時効撤廃、未成年者保護のための法的措置の強化が求められており、性犯罪の根絶に向けた具体的な対策の必要性が強調されています。,84,1_10,11.440345642621642,70.0,0.175
2,2_2,子育て世帯の経済的負担とその影響,この意見グループは、子育て世帯が直面する経済的なプレッシャーや負担に関するもので、特に保育や教育にかかる費用、税負担、育児用品の消費税、住民税などが家計に与える影響についての懸念が中心です。また、多子世帯に特有の経済的負担や、育児に伴う精神的なストレスについても言及されています。,117,1_3,8.638146853169108,173.0,0.4325
2,2_72,皇位継承制度の不備と女性天皇議論の必要性,この意見グループは、現行の皇位継承制度における安定性の欠如や、女性天皇に関する議論の不足を指摘しています。特に、皇室典範や憲法における皇位継承に関する規定が不十分であり、国民的な議論が進んでいないことが問題視されています。また、皇室の人権や伝統を尊重しつつ、安定的な継承を確保する必要性が強調されています。,59,1_19,26.03280782277138,11.0,0.0275
2,2_296,外国人に対する規制強化と国民優先の政策,この意見グループは、日本国籍保有者に給付対象を限定することや不法滞在者への取り締まり強化、外国人関連の行政コストの増大に対する懸念を中心に構成されています。国民の権利や義務に基づく公平性を保つ意図や、治安や社会的問題に対する不安が強調されており、外国人に対する規制の必要性が訴えられています。,24,1_20,6.696287421945558,336.0,0.84
2,2_24,AI教育におけるリテラシーと倫理の課題,この意見グループは、AI技術の教育分野への導入に伴うリテラシー不足や倫理的な懸念に焦点を当てています。家庭や教育現場でのAI活用が進む中で、教員や保護者のAIリテラシーが不十分であること、AIの出力内容の信頼性への懸念、そして子どもたちの思考力や全人的な発達が軽視されるリスクが指摘されています。また、AI教育が子どもに限定されていることや、社会全体でのAIリテラシーの不足も問題視されています。,37,1_14,9.615215502251528,112.0,0.28
2,2_134,幼児教育の重要性と教育機会の不平等解消,この意見グループは、幼児教育が義務教育として認識されるべきであるという主張を中心に、すべての子どもに質の高い教育や生活スキルの機会が提供されていない現状、親と子ども間のコミュニケーション不足、教育政策の不備など、教育環境の改善が求められる点に焦点を当てています。特に、幼児期の教育がその後の学力や発達に与える影響を強調し、社会全体での認識の向上と教育機会の均等化が必要であることが示されています。,41,1_7,7.687786994153137,247.0,0.6175
2,2_126,医療分野におけるデジタルトランスフォーメーション（DX）の遅れとその影響,この意見グループは、医療分野におけるデジタルトランスフォーメーション（DX）が進んでいないことに対する懸念が中心です。具体的には、医療サービスの効率化が困難であること、デジタル化の不足が業務効率に影響を与えていること、また、医療機関の資金不足や行政手続きのデジタル化の遅れが指摘されています。さらに、医療DXの恩恵を実感できない国民の声や、プライバシーへの懸念も含まれており、医療現場でのテクノロジー活用の重要性が強調されています。,39,1_4,6.068357879602423,368.0,0.92
2,2_338,障害福祉制度における所得制限の不公平と支援不足,この意見グループは、障害福祉制度における所得制限が、支援を必要とする家庭や個人に対して不公平感を生み出し、必要な支援が行き届かない問題に焦点を当てています。特に、世帯単位での制限が個人のニーズに合わず、支援が必要な人々が排除される可能性が高いことが指摘されています。また、現行の制度が複雑で理解しにくく、特定の家庭に不利益を与えることが懸念されています。,50,1_3,8.057433032230968,212.0,0.53
2,2_47,多様な働き方の推進と支援体制の強化,この意見グループは、現行の労働環境や制度が多様な働き方に十分に対応できていないことに対する懸念が中心です。特に、柔軟な働き方や多様な選択肢を尊重する姿勢が不明確であり、就労支援やセーフティネットが不十分であることが指摘されています。また、企業や教育政策においても多様性が反映されていないことが問題視されており、これらの課題を解決するための仕組みや支援が求められています。,86,1_9,8.325836742241814,194.0,0.485
2,2_285,選挙制度改革の必要性と公平性の確保,この意見グループは、現行の選挙制度が特定の層に対して適切にアプローチできていないことや、政策本位の政治を実現するために不十分であることを指摘しています。また、選挙制度の改革が国民の政治参加を促進し、民主主義をアップデートするために必要であるという意見が中心です。さらに、選挙運動の公平性や効率性、技術的進化への対応、死票の問題など、選挙制度全般にわたる改善の必要性が強調されています。,67,1_15,8.699421325272413,167.0,0.4175
2,2_319,精神的健康と福祉政策の包括的改善,この意見グループは、精神的な豊かさやメンタルヘルスの重要性を強調し、現行の福祉政策や治療法が障害者や精神的な健康を必要とする人々に対して十分に対応できていないことを指摘しています。特に、心理的安全性や心身の健康への配慮が不足している点、また社会構造や教育制度における改善の必要性が強調されています。,40,1_7,7.030233761846075,309.0,0.7725
2,2_152,社会的支援制度の複雑さとその影響,この意見グループは、年金や補助金、助成金、生活保護などの申請プロセスが複雑であることに対する不満が中心です。特に、情報弱者や多忙な人々にとって、これらの手続きが大きな障壁となり、必要な支援が届かない状況が問題視されています。また、社会的弱者や特定の人々が取り残されることや、現行の制度が不正受給のリスクを孕んでいることも指摘されています。,35,1_17,7.585957660422747,259.0,0.6475
2,2_142,クリエイター権利保護の不備と支援不足の問題,この意見グループは、官公庁発注のクリエイティブ業務におけるクリエイターの権利保護が不十分であること、特に著作権や作品管理権の欠如、AI技術の進化に伴う権利の不明確さ、そしてクリエイターへの支援が不足している点に焦点を当てています。クリエイターが表現の自由を享受できる環境が整っていないことや、デジタル空間での権利保護の重要性も強調されています。,26,1_14,14.494873749928798,37.0,0.0925
2,2_144,平和主義と人権尊重の欠如に関する政策の不備,この意見グループは、平和主義と人権尊重に関する現行の政策や文書が不十分であることに焦点を当てています。特に、平和主義の理念や人権に関する基本的な価値観が明確に示されていないこと、またそれに伴う国民理解や国際基準への準拠が不足している点が問題視されています。これにより、平和主義の実現や人権保障が妨げられているという懸念が表明されています。,50,1_16,6.417212571503451,359.0,0.8975
2,2_232,家庭の経済状況が教育機会に与える影響と支援の必要性,この意見グループは、家庭の経済状況が子どもたちの教育機会に大きな制約を与えていることに焦点を当てています。特に、教育費や学用品の負担が家庭に重くのしかかり、特にひとり親家庭や経済的に困難な家庭の子どもたちが直面する問題が強調されています。また、教育制度や支援体制の不十分さ、若者への支援の切れ目のなさ、さらには性的マイノリティの若者への支援不足など、幅広い視点からの教育支援の必要性が示されています。,23,1_7,7.379771854104405,280.0,0.7
2,2_20,若年層支援の不十分さと社会的孤立の解消,この意見グループは、現行の支援策が若年層に対して十分な後押しを行えていないこと、特に経済的な困難や精神的な孤立が若者に与える影響についての懸念が中心です。また、若者の就労支援や教育、社会自立に向けた環境整備が不足していることが指摘されており、世代間の格差や若者の自己肯定感の低下を招いているという問題意識が共有されています。,48,1_7,8.38726548583191,189.0,0.4725
2,2_52,世代間の連携と社会的格差の解消に向けた取り組み,この意見グループは、現代社会における格差や貧困の深刻化、世代間の交流不足、そして社会的な差別や偏見の存在に対する懸念が中心です。特に、世代間の支え合いや共生の視点が不足していることが指摘されており、多世代での交流の場や新たな支援策の必要性が強調されています。また、現行の社会システムが人々の自己肯定感や誇りを損なっていることも問題視されています。,25,1_17,8.529239882879779,178.0,0.445
2,2_290,外国人との共生社会の実現に向けた政策の不足と課題,この意見グループは、日本における外国人との共生が不十分であることに焦点を当てています。具体的には、外国人が安全に暮らせる環境や地域コミュニティへの参加が難しい現状、共生を促進するための政策が不足していること、そして外国人材との統合が進んでいないことが指摘されています。これらの意見は、外国人との共生が国益と調和し、より良い社会を築くための具体的な施策が求められていることを示しています。,44,1_20,15.948817755250772,29.0,0.0725
2,2_307,育児支援の多様性とアクセス向上に向けた課題,この意見グループは、育児支援に関する多様なニーズや課題を中心に構成されており、特に社会的な支援の不足やアクセスの難しさが強調されています。具体的には、育児支援の人材不足、夜間や緊急時の対応、地域による出産場所の確保、そして育児支援制度の柔軟性の欠如などが挙げられ、これらの問題が育児を行う親や家庭に与える影響についての懸念が表れています。,59,1_2,7.598867971287259,257.0,0.6425
2,2_64,医療制度の持続可能性に関する深刻な懸念と改革の必要性,この意見グループは、現在の医療制度や医療保険制度の持続可能性に対する懸念が中心であり、特に高額医薬品や医療ツーリズムの影響、地域医療体制の維持、産婦人科医療機関の経営状況など、さまざまな要因が持続可能性に影響を与えていることが指摘されています。また、制度改革や最適化の必要性が強調されており、持続可能な医療制度の構築が急務であるという意見が多く見受けられます。,78,1_5,12.0189580248823,57.0,0.1425
2,2_341,公共サービスにおける課題解決と情報の可視化の必要性,この意見グループは、公共サービスや警察業務における非効率性や情報格差、利用者の不安に対する懸念が中心です。特に、課題解決に向けたアプローチの不足や、利用者が必要な情報を把握しづらい状況が指摘されており、これらの問題を解決するための制度設計や運用の見直しが求められています。また、民間主導の戦略への転換や、アジャイルな公共調達プロセスの導入による改善の必要性も強調されています。,44,1_10,7.299521482216678,287.0,0.7175
2,2_45,子ども主体の政策形成と権利保障の強化,この意見グループは、現行の子育て政策が子どもの視点や権利を十分に反映していないことに対する懸念が中心です。特に、子どもたちの意見表明の機会や権利保障が不十分であり、政策形成において子ども主体の視点が欠如していることが指摘されています。また、経済格差や社会の不安定化が子どもたちに与える影響についても言及されており、子どもたちの声を政策決定プロセスに反映する仕組みの必要性が強調されています。,24,1_2,7.9720669187347974,222.0,0.555
2,2_109,国民参加の不足と政策透明性の欠如,この意見グループは、国民が政策決定や国会審議に参加する機会が限られていること、またそのプロセスが不透明であることに対する懸念が中心です。国民の参加意識の低下や、政策形成における市民の役割の限定性、国会内のコミュニケーション不全などが指摘されており、これらが国民の政治参加を妨げている要因として挙げられています。,60,1_16,8.25664226663275,199.0,0.4975
2,2_80,高等教育における経済的支援の不足と公平性の問題,この意見グループは、日本の高等教育における経済的支援が不十分であり、特に通信制高校や大学院生、地方学生に対する支援が不足していることに焦点を当てています。また、進学評価制度や入試制度の公平性に関する懸念も含まれており、教育機会の不平等や教育の質の低下に対する批判が見受けられます。,37,1_7,8.287305633953567,197.0,0.4925
2,2_223,太陽光発電に関する環境・社会的課題の包括的検討,この意見グループは、太陽光発電に関連する様々な課題が十分に議論されていないことを指摘しています。特に、メガソーラー施設の設置による環境への影響や、太陽光パネルの生産背景における倫理的問題、リチウムイオン電池のリサイクル課題など、環境負荷や社会的責任に関する懸念が中心です。また、太陽光発電のポテンシャルや設置場所の適切な規制、次世代技術への期待についても言及されており、これらの課題を包括的に検討する必要性が強調されています。,50,1_13,8.742541494551327,165.0,0.4125
2,2_13,再生可能エネルギー政策の推進不足と多様性の欠如,この意見グループは、現在のエネルギー政策において地熱発電や小水力発電、洋上風力発電などの再生可能エネルギーの推進が不十分であることを指摘しています。また、エネルギーミックスの中での各技術の役割が明確にされておらず、革新技術の重要性が認識されていないことが問題視されています。政策の偏りや、再生可能エネルギーの潜在力を活かしきれていない現状が浮き彫りになっています。,71,1_13,8.932980688822195,152.0,0.38
2,2_323,再エネ賦課金制度の見直しと国民負担の軽減,この意見グループは、再エネ賦課金制度が国民の経済的負担を増加させていることに対する懸念が中心です。特に、賦課金が電気料金の上昇を招き、家庭の生活安定を脅かしている点や、賦課金の多くが海外に流出している可能性が指摘されています。また、国民に対する情報伝達の不足や、地域間の電気料金格差も問題視されており、再エネ政策の見直しが求められています。,20,1_13,16.76099018890623,25.0,0.0625
2,2_195,デジタルデバイドによる政策参加の不平等と支援不足,この意見グループは、急速なデジタル化が進む中で、デジタル技術に不慣れな人々や特定の層が政策参加から取り残される可能性に焦点を当てています。特に、デジタル機器の操作に不慣れな利用者や高齢者、情報弱者に対する配慮や支援が不足していることが問題視されており、これにより彼らが情報やサービスから排除されるリスクが高まっています。,53,1_8,7.840771546019409,231.0,0.5775
2,2_106,高齢者におけるデジタルデバイドと情報アクセスの課題,この意見グループは、高齢者がデジタル技術にアクセスできないことによるさまざまな問題に焦点を当てています。具体的には、デジタルリテラシーの不足、情報アクセシビリティの欠如、詐欺のリスク、心理的抵抗、そしてデジタルデバイドによる孤立感などが挙げられます。これらの要因が高齢者の日常生活や福祉政策において深刻な影響を及ぼしていることが強調されています。,71,1_8,11.517885184222244,65.0,0.1625
2,2_279,東京一極集中による社会的・経済的脆弱性と災害リスク,この意見グループは、東京一極集中がもたらす社会的・経済的な不均衡や脆弱性、特に災害時における電力供給やエネルギーシステムのリスクに焦点を当てています。東京中心主義が地方の活性化を妨げ、災害時のリスクを集中させることで、国民生活の安全が脅かされているという懸念が表れています。,27,1_10,7.546594051445172,262.0,0.655
2,2_9,日本産業の国際競争力向上に向けた包括的課題,この意見グループは、日本の産業が国際社会での影響力を高めるために直面している多様な課題を示しています。特に、産業支援の効率性や適正な価格形成、一次産業の人手不足、技術産業の構造的な問題、そして日本のIPコンテンツの国際展開の不足などが挙げられ、これらの課題が日本の産業全体の成長を妨げていることが強調されています。,113,1_12,7.708262472957761,244.0,0.61
2,2_390,育児とキャリアの両立に関する制度的課題,この意見グループは、育児休業を取得した専門職の女性がキャリアを継続することが難しい現状や、育児中の経済的支援が不十分であること、社会的プレッシャーによる早期復帰の強要、男性の育児休業取得の進まなさなど、育児とキャリアの両立に関する制度的な課題が中心に議論されています。特に、育児休業後の職場復帰やキャリア形成に対する不安、育児中の通勤困難者への配慮不足、給付金制度の不備などが指摘されており、これらの問題が女性のキャリア継続や男性の育児参加を阻害していることが強調されています。,55,1_2,9.60839226870323,113.0,0.2825
2,2_8,マニフェストの透明性と可読性向上に向けた課題,この意見グループは、マニフェストに関する様々な問題点を指摘しており、特にその透明性、可読性、公平性、信頼性の欠如が強調されています。具体的には、マニフェストの表現が不明確であったり、変更プロセスが不透明であったりすることが、ユーザーの心理的抵抗感や議論の妨げとなっていることが問題視されています。また、地域特性や多様性の無視、情報発信の不足も指摘されており、これらの課題を解決することで、より効果的なマニフェストの作成が求められています。,54,1_16,13.616230180233377,43.0,0.1075
2,2_383,持続可能なエネルギー政策の課題と地域活用の不足,この意見グループは、現行のエネルギー政策が持続可能なエネルギーへの移行を十分に促進していないこと、特に地方でのエネルギー資源の活用や再生可能エネルギーの導入が遅れている点に焦点を当てています。また、分散型エネルギーシステムや次世代エネルギー技術の開発が不十分であり、地域主導の取り組みが欠如していることが指摘されています。,76,1_13,8.829138271835685,160.0,0.4
2,2_200,性犯罪および組織犯罪に対する不十分な対策と制度改革の必要性,この意見グループは、性犯罪や組織犯罪に対する現行の対策が不十分であり、再犯防止や被害者支援、予防教育の強化が求められている点に焦点を当てています。また、司法制度や治安対策の限界、具体的な対策の欠如、行政や警察の連携不足が指摘されており、これらの問題が社会全体の治安や司法への信頼を損なう要因となっていることが強調されています。,56,1_10,13.708857932917315,42.0,0.105
2,2_366,投票制度のアクセスビリティと信頼性の向上に向けた課題,この意見グループは、現行の投票制度における物理的な制約や不在者投票の課題、在外邦人の投票権の保障不足、そして選挙介入のリスクなど、投票に参加しにくい状況や信頼性の問題に焦点を当てています。特に、オンライン投票の未導入や制度的ハードルの高さが、さまざまな層の有権者にとって投票機会を制限していることが指摘されています。,65,1_15,11.461054966402921,69.0,0.1725
2,2_18,児童虐待対策の不備と社会的ニーズの乖離,この意見グループは、児童相談所や関連機関の体制が現在の児童虐待のニーズに対して不十分であることを指摘しています。具体的には、虐待の早期発見や介入、法律の不備、専門家の役割の不明確さ、通報システムの問題などが挙げられ、社会全体での児童虐待問題への認識と対策の強化が求められています。,53,1_2,9.512927591887953,119.0,0.2975
2,2_224,AI技術における倫理的・法的リスクと社会的影響,この意見グループは、AI技術の利用に伴う倫理的および法的なリスクに関する懸念が中心です。動物実験やデータ活用の倫理、AIによる世論操作や誤情報提供のリスク、プライバシー保護の不十分さ、透明性の欠如など、AIの急速な発展が引き起こす社会的影響に対する懸念が表れています。また、AI技術の利用における公正なルール形成や規制の必要性、倫理基準の不在が信頼の欠如を招いていることも指摘されています。,80,1_14,8.56251788625774,175.0,0.4375
2,2_193,いじめ問題への包括的かつ実効性のある対策の必要性,この意見グループは、いじめ問題が依然として深刻であり、現行の対策が不十分であることに対する懸念が中心です。具体的には、早期検知の難しさ、適切な取り組みの不足、隠蔽に対する罰則の不十分さ、教育機関や家庭内での対応の欠如など、いじめ問題に対する包括的な対策の強化が求められています。また、いじめを個人の資質だけでなく構造的な問題として捉える必要性も指摘されています。,52,1_10,21.5508838673976,19.0,0.0475
2,2_330,AI活用における倫理的配慮と人間の役割の重要性,この意見グループは、AIの進化と活用が進む中で、倫理的な側面や人間の創造性、専門性の維持が軽視される懸念に焦点を当てています。また、AIの導入に伴う社会的影響や人材の再配置、支援体制の確立が求められており、特に教育や福祉、行政におけるAIの活用に対する具体的な支援策や基準の必要性が強調されています。,55,1_14,8.970953841781578,151.0,0.3775
2,2_215,日本におけるAI活用の遅れと産業政策の課題,この意見グループは、日本におけるAI技術の活用が進んでいない現状や、産業政策におけるAIの重要性が十分に認識されていないことに焦点を当てています。特に、農業や第一次産業におけるAI支援策の不足、政府の戦略や予算配分の欠如、そして日本の文化や特性を理解するAIの不足が指摘されています。また、既存の産業政策がAIの活用に対して不十分であり、経営層の認識不足や具体的な実施例の欠如が問題視されています。,49,1_14,8.040063159117745,214.0,0.535
2,2_19,外国人労働者受け入れ制度の改善と社会的支援の強化,この意見グループは、日本における外国人労働者の受け入れ制度や労働環境に関する多様な課題を指摘しています。具体的には、法執行の不十分さ、管理体制の課題、社会保障の不足、移民政策の見直しの必要性などが挙げられ、外国人に対する理解や支援体制の強化が求められています。また、移民受け入れが社会に与える影響や、外国人労働者への依存が国家の技術主権に及ぼすリスクについても懸念が示されています。,79,1_20,10.303528897835104,93.0,0.2325
2,2_196,教育現場における専門性と環境の改善に向けた課題,この意見グループは、教育現場における教員の専門性の不足や、教員の働き方、教育環境の負担、そして教育制度の問題に焦点を当てています。教員の専門性が十分に向上していないことや、教員の多忙化、待遇の不十分さが教育の質に影響を及ぼしているという懸念が表れています。また、教育改革や新たな制度導入に対する不安も含まれており、教育現場の改善に向けた具体的な課題が浮き彫りになっています。,61,1_9,7.299638497506348,286.0,0.715
2,2_298,公務員の働き方改革と職員のスキル向上に関する課題,この意見グループは、公務員の職員不足や働き方改革に関連する様々な課題を指摘しています。特に、職員のスキルアップ支援の不足や、業務効率の低下、カスタマーハラスメントへの対応、そして人事評価制度の不公正さなどが挙げられています。また、労働環境の非効率性や雇用の不安定さ、デジタルツールへの不慣れも問題視されており、これらの要因が公務員のモチベーションや政策の実効性に影響を与えていることが強調されています。,79,1_9,7.615903620612877,254.0,0.635
2,2_155,ギャンブル依存症と社会的影響に関する懸念,この意見グループは、ギャンブルが引き起こす依存症や経済的問題、心理的影響についての懸念が中心です。特に、パチンコやパチスロに関連する依存症の増加や、現行の政策や規制が不十分であることが指摘されており、社会全体におけるギャンブルの影響を真剣に考える必要性が強調されています。,14,1_2,76.71930215686969,3.0,0.0075
2,2_171,感染症対策の未整備と後遺症への支援不足,この意見グループは、全国的な感染症サーベイランス体制や予防接種の促進が未整備であること、性感染症や新型コロナウイルスの後遺症に対する対策が不足していること、また、感染症対策に関する情報発信や政策的配慮が不十分であることに焦点を当てています。特に、感染症の早期発見や予防、後遺症を持つ人々への支援が求められている点が強調されています。,48,1_5,8.698575582696957,168.0,0.42
2,2_10,同性婚に関する法的整備と社会的平等の必要性,この意見グループは、同性婚が現行の法制度で認められていないことに対する問題意識が中心であり、法的な平等が未だに確立されていない現状や、社会的不平等の存在を指摘しています。また、同性婚に関する具体的な施策や支援が不足していること、法整備の必要性、そして人権問題としての重要性が強調されています。,87,1_1,15.314357695230562,33.0,0.0825
2,2_250,婚活における経済的・社会的障壁と出会いの機会不足,この意見グループは、婚活における経済的負担や結婚支援制度の不十分さ、出会いの機会の不足が、未婚化や晩婚化を助長しているという問題意識を反映しています。特に、男女間の交際関係のミスマッチや、結婚に対する経済的不安が、結婚を希望する人々にとっての障壁となっていることが強調されています。また、伝統的な縁結びの機能の弱まりや、現行の婚活サービスの品質の低さも指摘されており、これらの要因が相まって、結婚を希望する人々が安心して出会いを見つける環境が整っていないことが示されています。,54,1_1,6.133601011204852,366.0,0.915
2,2_234,政治資金の透明性向上と不正防止の必要性,この意見グループは、政治資金の透明性が不足していることに対する懸念が中心であり、特に政党交付金の使途や流れに関する情報の可視化が求められています。透明性の欠如が不正行為や政治不信を招いているとの指摘が多く、政治資金制度の改善や監査の強化が必要であるという意見が共通しています。,79,1_18,12.373606008837543,51.0,0.1275
2,2_253,議員活動の透明性と評価制度の改革,この意見グループは、議員活動の評価や報酬制度に関する透明性の欠如、党議拘束の影響、地方議員の参加不足など、議員活動の信頼性や公正性に対する懸念が中心です。特に、議員の実績が適切に評価されていないことや、報酬の透明性が不足していることが、住民の不信感を招いているという指摘が多く見られます。また、議員活動の形骸化や、党と議員の癒着構造が地域課題の解決を妨げている点も重要な論点です。,60,1_16,7.81808630841498,233.0,0.5825
2,2_245,不動産市場の透明性と公正性の欠如による問題,この意見グループは、不動産市場における投機的な取引や不透明な取引慣行が、住宅価格の高騰や市場の不安定化を引き起こしていることに焦点を当てています。また、政策の欠如や不動産業者の信頼性に関する懸念が、地域社会や経済全体に悪影響を及ぼす可能性があることが示されています。,32,1_20,6.0048352207788955,371.0,0.9275
2,2_76,ひとり親家庭への包括的支援の必要性と現状の課題,この意見グループは、ひとり親家庭が直面する多様な問題に対する支援が不十分であることに焦点を当てています。具体的には、経済的支援、情報提供、制度の整備、特別な配慮が必要な家庭への支援が不足していることが指摘されており、特に児童手当やファミリーサポートの運営に関する不満が多く見られます。また、支援制度の谷間や地域差による不公平感も強調されており、ひとり親家庭が抱える困難に対する包括的な解決策が求められています。,66,1_3,9.095175840843483,142.0,0.355
2,2_59,高齢者支援の包括的な強化と社会的連携の必要性,この意見グループは、高齢者の孤独や孤立、介護、経済的安定、そして自立生活の支援に関する多様な課題を取り上げています。特に、プライマリケアの不足や複数事業者の連携不足、政策の不十分さが指摘されており、超高齢社会における高齢者の尊厳や自己決定権を守るためには、包括的な支援体制の強化が求められています。また、若者との交流やAI時代における配慮も重要な論点として挙げられています。,105,1_7,11.596933470681103,64.0,0.16
2,2_384,情報発信と対策の具体性向上に向けた課題,この意見グループは、情報発信や対策において具体的な手段やアプローチが不足していること、現行の施策が十分な成果を上げていないことに焦点を当てています。また、情報の伝達方法や受益者へのアクセスの問題、さらには生活関連施策や治安維持業務におけるリソースの不足など、具体的な改善策が求められている点が共通しています。,38,1_10,7.611039762456392,255.0,0.6375
2,2_251,患者中心の医療政策の必要性と多様なニーズへの対応,この意見グループは、現在の医療政策が患者本位でなく、重症化リスクや多様な利用者のニーズに十分に配慮していないことに対する懸念が中心です。また、医療政策が治療中心に偏っていることや、患者が受動的な立場に置かれやすい点、さらには医療イノベーションや予防医療の重要性が軽視されていることが指摘されています。これらの意見は、より患者中心のアプローチと多様なニーズに応える医療政策の必要性を強調しています。,51,1_5,8.479071408816768,183.0,0.4575
2,2_71,被害者支援体制の不備と改善の必要性,この意見グループは、様々な種類の被害者（性犯罪、DV、いじめ、成人虐待など）に対する支援体制が不十分であることに焦点を当てています。被害者が法的手続きや生活支援、医療支援を受ける際の負担や困難さ、また支援制度の衰退や情報の可視化不足など、被害者の権利が守られていない現状を訴えています。全体として、被害者視点での理解と支援の強化が求められています。,68,1_17,10.973663674293427,80.0,0.2
2,2_241,現代社会における孤独・孤立問題と支援の不足,この意見グループは、現代社会における孤独や孤立の問題が深刻化していることに焦点を当てています。特に、現役世代や若者に対する支援が不十分であり、社会的包摂が欠如していることが指摘されています。また、相談相手の不在やコミュニケーション不足が孤立感を助長し、個人のアイデンティティや尊厳を脅かす要因となっていることが強調されています。,25,1_17,6.64012787299785,344.0,0.86
2,2_61,中小企業におけるAI導入の遅れと人材不足の深刻化,この意見グループは、日本の多くの中小企業がAI導入や活用において遅れをとっている現状を反映しています。特に、AI人材の不足や教育制度の不備、旧式のインフラが障害となり、企業がAIを試行する機会が限られていることが指摘されています。また、AI導入に対する具体的な支援策や相談相手の不足も問題視されており、これらが中小企業のDX推進を妨げている要因となっています。,44,1_14,6.245262873342692,363.0,0.9075
2,2_169,産業支援策のデジタル化と国際競争力の向上に向けた課題,この意見グループは、日本の産業支援策や経済政策におけるデジタル化の遅れ、アナログな商習慣の根強さ、そしてそれが国際競争力やディープテック分野の成長に与える影響についての懸念が中心です。特に、デジタルインフラの整備不足や、技術者の育成、資金調達のハードル、政策の実効性に関する問題が指摘されています。,44,1_8,5.885360358575895,377.0,0.9425
2,2_255,政策の透明性と実行可能性の欠如,この意見グループは、組織やプロジェクトにおける財政運営や政策の指針が不明確であり、特に政策の透明性や実行可能性に関する懸念が中心です。具体的には、財政状況の透明性不足、政策の進捗状況の不透明さ、国民のニーズに基づく政策対応の欠如、そして政策評価指標が幸福度を反映していないことなどが指摘されています。これにより、国民が政策を理解し、建設的な議論を進めることが難しくなっています。,41,1_18,5.912854733851465,376.0,0.94
2,2_237,市民の行政情報アクセス向上に向けた課題と改革の必要性,この意見グループは、市民が行政情報にアクセスする際の困難さや縦割り行政の弊害、オープンデータの不足など、情報アクセスに関する多様な問題を指摘しています。市民が必要な情報を得られず、行政サービスの利用に支障をきたしている現状を改善するための具体的な改革や指針の必要性が強調されています。,52,1_10,7.115196383031102,300.0,0.75
2,2_174,外国人に対する健康保険制度の不公平と改善の必要性,この意見グループは、日本に居住する外国人や訪日外国人に対する健康保険制度や社会保障制度の不公平感や不備に関する懸念が中心です。特に、外国人の医療保険利用における不正受給や未納問題、制度の多言語対応の不足、医療ツーリズムにおける課題などが指摘されており、これらの問題に対する改善の必要性が強調されています。,32,1_20,10.795031778993279,85.0,0.2125
2,2_254,現代の安全保障と防衛政策の再構築,この意見グループは、日本の防衛政策や国防の概念が現代の国際情勢や安全保障環境に適応していないことに対する懸念が中心です。具体的には、防災・減災の項目の不足、抑止力の強化、国産防衛装備品の活用、そして現行の防衛方針の見直しが求められています。また、ハイブリッド戦争や認知戦に対する対応策の不足や、日米同盟の強化の必要性も指摘されています。,64,1_10,9.388889191768476,127.0,0.3175
2,2_125,終末期医療における患者の自己決定権と尊厳の保障,この意見グループは、終末期医療において患者の意思や自己決定権が十分に尊重されていない現状に対する懸念が中心です。具体的には、法的な選択肢の不足や意思決定支援の不十分さ、患者の尊厳が確保されていないことが指摘されており、個人が尊厳を持って最期を迎えるための環境整備が求められています。,61,1_5,10.686692111977733,87.0,0.2175
2,2_233,美容医療と薬局制度における安全性と倫理的課題,この意見グループは、美容医療広告の不健全な要素や医療制度における安全性の欠如、特に薬局の役割や薬剤師の機能に関する問題を中心に構成されています。美容医療の信頼性や安全性の確保が不十分であること、また薬局制度が高齢者や移動困難者に対して十分な支援を提供できていない点が強調されています。さらに、医薬品政策やジェネリック医薬品の利用促進に関する課題も含まれ、全体として医療の質向上に向けた改善の必要性が示されています。,38,1_5,6.378361808074173,360.0,0.9
2,2_371,テクノロジー活用の遅れと政策への影響,この意見グループは、政策文書や各分野におけるテクノロジーの活用が不十分であることに焦点を当てています。特に、移民管理、教育、安全保障、外交、福祉などの領域でテクノロジーの導入が遅れており、その結果として生産性や効率性の向上が妨げられている点が強調されています。また、政策文書におけるテクノロジーの重要性が軽視されていることが、社会全体の課題解決に対する影響を及ぼしていることが示唆されています。,27,1_11,9.1012914081399,141.0,0.3525
2,2_160,議論プロセスの透明性と健全性の向上に向けた提案,この意見グループは、議論や提案のプロセスにおける透明性や信頼性の欠如、専門家選定の公平性、ヘイト行為への対処、提案の反映方針の不明確さなど、議論の健全性を確保するための課題に焦点を当てています。特に、提案の扱いや改善提案の実行可能性に関する基準が不明瞭であること、また、議論の過程が可視化されていないことが問題視されており、これらの改善が求められています。,84,1_16,5.825436931567363,381.0,0.9525
2,2_396,子育て支援における災害対策と教育体制の強化,この意見グループは、子どもを産み育てる際の安心感の欠如や、災害時における子育て支援体制の不十分さ、食育や児童発達支援に関する制度の不足を指摘しています。特に、災害時の母子の安全確保や健康管理、地域全体での見守り体制の強化が求められており、子育て支援の継続性や実効性を高めるための具体的な施策が必要とされています。,30,1_2,6.848532647931161,328.0,0.82
2,2_99,教育機会の平等性と質の向上に向けた課題,この意見グループは、若い世代に対する教育機会の不平等や質の低下に関する懸念が中心です。特に、学齢期以降の教育機会の確保、性別や経済的背景に関わらず平等な学習機会の提供、地域や環境による教育資源へのアクセスの不平等、さらには生涯学習の機会の不足など、教育に関する多様な課題が指摘されています。これらの問題は、個人の成長や社会全体の発展に影響を及ぼすため、解決が求められています。,57,1_7,7.035234069175649,308.0,0.77
2,2_165,EdTech政策の課題と人材確保の重要性,この意見グループは、EdTechの進展に対する教育政策の不備や、行政およびIT分野における人材確保の困難さに焦点を当てています。特に、教育現場でのデジタル端末の活用やネット依存のリスク、教育政策の不透明さが問題視されており、これらの課題を解決するための具体的な施策や人材育成の必要性が強調されています。,35,1_9,5.10463371906962,398.0,0.995
2,2_311,エネルギー政策の包括的見直しと持続可能性の確保,この意見グループは、現在のエネルギー政策が安全保障、環境負荷、経済的視点、持続可能性において多くの課題を抱えていることを指摘しています。特に、気候変動や生態系への配慮が不足している点、循環型社会の視点が欠如している点、長期的な視点が不足している点が強調されており、これらの問題を解決するための包括的な政策の見直しが求められています。,38,1_13,7.481402548471007,267.0,0.6675
2,2_211,医療従事者の負担増加と地域医療の格差問題,この意見グループは、医療従事者、特に医師や看護師の業務負担が増大していることに焦点を当てています。過重労働や待遇の不十分さ、地域間の医師の偏在が深刻な問題として挙げられ、これらが医療の質や持続可能性に影響を与えていることが示されています。また、美容医療分野への医師流出が他の医療分野に悪影響を及ぼす可能性も指摘されています。,49,1_5,8.34709636596987,192.0,0.48
2,2_98,デジタルとアナログの共存と選択肢の拡充,この意見グループは、デジタル化が進む中で、アナログな選択肢や支援が不足していることに対する懸念が中心です。特に、デジタルに不慣れな人々や特定のニーズを持つ利用者に対して、デジタルとアナログのバランスを見直し、選択肢を増やす必要性が強調されています。また、デジタル技術の活用が進まないことで、参加支援や情報提供が不十分であることも指摘されています。,69,1_8,6.970746347702872,316.0,0.79
2,2_356,妊婦健診と不妊治療における経済的負担の深刻化,この意見グループは、妊婦健診や不妊治療に関連する経済的負担が多くの妊婦や治療を受ける人々にとって大きな障壁となっていることを示しています。特に、妊婦健診の公費負担が不十分であることや、不妊治療における保険適用の限界が指摘されており、経済的理由から健診や治療を受けることが困難な状況が存在することが強調されています。,38,1_3,16.092140276688685,28.0,0.07
2,2_122,養育費制度の改革と子どもの貧困防止に向けた課題,この意見グループは、現行の養育費制度が不十分であり、特にひとり親家庭における養育費の不払い問題が深刻であることを指摘しています。養育費の徴収が不安定であることが子どもの貧困に直接的に影響を与えているため、制度改革が必要であるという意見が中心です。また、離婚や再婚家庭に対する支援制度の不足や、若年層が結婚や子育てを避ける傾向についても言及されています。,61,1_3,10.182621780764421,98.0,0.245
2,2_149,AI技術普及に伴う電力需要増加と環境負荷への対応策の不足,この意見グループは、AI技術の急速な普及により電力需要が増大し、それに伴う環境負荷の増加が懸念されている点に焦点を当てています。特に、現行のエネルギー政策がAIの進展に対応できておらず、省エネ技術や持続可能なエネルギー供給体制の構築が急務であるという意見が多く見られます。,38,1_14,7.488408517167309,266.0,0.665
2,2_339,少子化と孤立する子育て環境の課題,この意見グループは、核家族化や女性の社会進出に伴う出生率の低下、そしてそれに関連する経済的・構造的要因が、母親の孤立や子育て環境の厳しさを引き起こしていることに焦点を当てています。また、現行の政策や制度が少子化問題に十分に対応できていないことや、結婚や子育てに対する価値観の変化が、将来の親になることへのイメージ形成に影響を与えている点も指摘されています。,20,1_3,6.560319172176983,346.0,0.865
2,2_337,子どもを守るための安全対策と支援体制の強化,この意見グループは、子どもたちが性犯罪や性暴力、いじめなどの危険にさらされている現状に対する懸念が中心です。特に、現在のサポート体制や制度が不十分であり、子どもたちを守るための包括的な支援や安全対策の強化が求められています。また、子どもたちの健康や安全を守るための医療体制や予防策の整備も重要な論点として挙げられています。,43,1_2,9.537042135483855,118.0,0.295
2,2_73,サイバーセキュリティの強化と政策の整備に関する懸念,この意見グループは、現行のサイバーセキュリティ政策が新たな脅威に対して不十分であること、特にサイバー犯罪や国際的な対立に対する対応が遅れている点に焦点を当てています。また、個人の自由とのバランスを考慮しつつ、サイバー防衛体制の強化や国産セキュリティソリューションの育成が求められていることが示されています。,68,1_10,6.49382768425224,353.0,0.8825
2,2_261,社会制度の改革と公正な支援の実現に向けた課題,この意見グループは、現行の給付システムや社会制度における不備や非効率性、そして公平性の欠如に対する懸念が中心です。特に、申請主義による国民の不利益や、給付金が必要な人に適切に届かない問題、事務手続きの煩雑さ、そして社会全体の意識改革の必要性が強調されています。また、民間投資の促進や社会的合意形成の刷新、倫理と人間性の確保といった構造的な改革の必要性も指摘されています。,38,1_18,6.518692512912534,350.0,0.875
2,2_398,持続可能性に対する懸念と社会保障制度の改善要求,この意見グループは、現行の社会保障制度や国民皆保険制度が持続可能性に欠けていること、またそれに伴う問題点や改善の必要性についての懸念が中心です。特に、制度が全ての人々をカバーできていないことや、ライフステージに応じた負担調整が不十分であること、経済活動への影響などが指摘されています。,71,1_17,11.087071241697734,76.0,0.19
2,2_68,ワクチン接種における経済的負担と公費助成の不均衡,この意見グループは、新型コロナウイルスワクチン接種に関連する経済的負担や公費助成の不均衡に焦点を当てています。特に、ワクチン接種費用が高額であること、全世代に対する補助が行き渡っていないこと、任意接種ワクチンに対する公費助成が不足していることが指摘されています。また、ワクチン接種の情報提供や管理システムのデジタル化が不十分であること、個人の自己決定権が尊重されていないことも懸念されています。,53,1_5,14.538853577997303,36.0,0.09
2,2_352,医療制度における健康意識向上と支援体制の強化,この意見グループは、医療制度のガバナンスや支援体制の不十分さ、特に難病患者や希少疾患患者への配慮が不足していることに焦点を当てています。また、国民全体の健康意識を高める必要性や、セルフメディケーションの推進が不十分であることが指摘されており、健康寿命の延伸や生活習慣に基づく健康促進の重要性が強調されています。,39,1_5,6.683255575982538,338.0,0.845
2,2_272,福祉・子育て分野におけるデジタル化の遅れと非効率性,この意見グループは、子育て支援や介護、福祉政策においてデジタル技術の導入が進んでいないことに焦点を当てています。具体的には、デジタル化が不十分であるために業務の効率が低下し、利用者が十分な支援を受けられない状況が指摘されています。また、ICT企業との連携不足やデジタルデバイドの問題も浮き彫りになっており、全体的なデジタル化の推進が求められています。,34,1_8,5.2223173304727215,397.0,0.9925
2,2_315,保育士の人材不足と業務負担の深刻化,この意見グループは、保育士の人材不足が保育の質や業務負担に深刻な影響を及ぼしていることに焦点を当てています。保育士の業務が過重であることや、慢性的な人員不足が保育現場における不適切な保育を引き起こす可能性があること、また、潜在保育士の活用が不十分であることが共通の懸念として挙げられています。,34,1_2,8.663707784468283,169.0,0.4225
2,2_84,保育施設における安全性と質の確保に関する懸念,この意見グループは、保育施設における安全性や保育の質に対する懸念が中心であり、保護者が安心して子どもを預けられる環境の必要性が強調されています。また、保育ニーズに合った情報提供や選択肢の柔軟性、保護者の負担軽減に関する意見も含まれており、現行の制度やシステムの改善が求められています。,89,1_2,8.661648291862457,170.0,0.425
2,2_266,気候変動と環境政策の認識不足と対応の不十分さ,この意見グループは、気候変動の深刻さやその影響に対する認識が不十分であり、現行の環境政策や農業政策、エネルギー政策が気候変動への対応において不十分であることを指摘しています。また、気候変動が生存に関わる重要な問題であるにもかかわらず、具体的な対策やリスク管理が欠如していることが強調されています。,47,1_13,10.383094687777781,91.0,0.2275
2,2_353,AI教育導入における課題と多様な支援策の必要性,この意見グループは、AI技術の教育現場への導入に伴う様々な課題やリスク、特に教育格差の拡大や教員の負担増加、保護者の不安などに焦点を当てています。また、AI教育の推進には新たな財源確保や具体的な方策が求められており、教育の公平性を保つための多角的な支援策が必要であることが強調されています。,47,1_14,11.50357761205429,67.0,0.1675
2,2_239,災害時における医療情報の安全性と効率化の必要性,この意見グループは、災害時における本人確認や医療情報管理の脆弱性に対する懸念が中心です。特に、物理媒体に依存しない個人認証の必要性や、電子処方箋やお薬手帳の普及が医療機関の負担やデータ標準化の欠如によって妨げられている点が強調されています。これにより、患者や医療従事者が直面する不便さやリスクを軽減するためのシステム改善が求められています。,8,1_4,5.297863895476969,396.0,0.99
2,2_145,AI導入に伴うリスクと課題の認識,この意見グループは、AI導入に際して直面するさまざまなリスクや課題に関する懸念が中心です。特に、質の高いデータの不足、雇用への影響、誤情報の拡散、リテラシーの欠如、政策ビジョンの不明確さなどが挙げられ、AIの進化が労働市場に与える影響や導入の実用化に至らない理由についての具体的な懸念が表れています。,76,1_14,10.399537752785987,90.0,0.225
2,2_370,教員の業務負担軽減と教育環境の改善,この意見グループは、教育現場における教員の業務負担の増加に対する懸念が中心です。教員がノンコア業務や部活動指導に多くの時間を費やし、質の高い教育を提供するための時間が不足していることが指摘されています。また、教員の過重な負担が心身の健康や教職志望者の減少に繋がっていること、さらには通学時の荷物負担が生徒に与える影響についても言及されています。これらの意見は、教員の負担軽減が教育環境の改善に不可欠であることを示唆しています。,64,1_9,11.477972388974312,68.0,0.17
2,2_327,教育現場における教員の働き方改革と育成支援の必要性,この意見グループは、教育現場における教員の過重労働や業務効率の問題、教員育成の強化、そして工業高校や高専に対する支援不足に焦点を当てています。教員の働き方改革が進まない背景には、労働環境の改善や給与制度の見直しが必要であるとの認識があり、未来の技術者育成に向けた実践的な学習機会の提供が求められています。,70,1_9,9.017437945027488,147.0,0.3675
2,2_301,第3号被保険者制度の公平性と持続可能性に関する懸念,この意見グループは、第3号被保険者制度に対する不透明さや公平性の欠如、時代に合わない現行制度の問題点、さらには将来の維持に対する不安が中心となっています。また、手話通訳サービスの不足も関連する社会保障の課題として挙げられています。,7,1_5,9.050947030188798,145.0,0.3625
2,2_252,選挙制度のデジタルトランスフォーメーションによる公平性と効率性の向上,この意見グループは、選挙制度や投票プロセスのデジタル化が進んでいないことに対する懸念を示しており、デジタル技術の導入が選挙運動の公平性や効率性を高める必要性を強調しています。特に、デジタル投票やオンライン投票の導入が不十分であることが、民主主義の促進や有権者の参加を妨げているという点が共通の論点です。また、デジタルデバイドの問題や、従来の選挙方式の限界についても言及されています。,48,1_15,11.428962948251355,71.0,0.1775
2,2_40,結婚における多様な心理的・社会的障壁の分析,この意見グループは、結婚に関する様々な心理的、社会的、経済的な障壁についての認識や問題提起が中心です。特に、結婚に対する無意識の偏見や社会的なバイアス、制度的な未整備が個人の幸福や安定に影響を与えていることが強調されています。また、葬送文化における選択肢の限界も関連しており、結婚と葬送の両面での社会的な対応が求められています。,37,1_1,6.706592723641699,335.0,0.8375
2,2_110,介護現場における負担軽減と業務効率化の必要性,この意見グループは、介護現場における業務負担や精神的・肉体的負担の増加に対する懸念が中心であり、特にケアマネジャーや看護師の役割の明確化、事務負担の軽減、訪問介護における移動コストの適正化、介護報酬の透明性向上など、効率的な介護を実現するための具体的な改善点が求められています。,43,1_5,7.280727739437029,289.0,0.7225
2,2_372,日本のエネルギー供給の脆弱性と持続可能性の課題,この意見グループは、日本のエネルギー供給が海外依存や地域特性の未活用、エネルギー自給率の低さなどに起因する脆弱性を指摘し、持続可能なエネルギー政策の必要性を強調しています。また、省エネの推進や新技術の導入、地域特性を生かしたエネルギーミックスの実現が求められている点が共通しています。,46,1_13,6.7139736146122395,334.0,0.835
2,2_386,社会人の学び直しとキャリア支援の重要性,この意見グループは、社会人が労働市場や環境の変化に適応するための学び直しの必要性や、キャリア形成における支援の不足に焦点を当てています。特に、学び直しの機会やサポートが不十分であること、大学入試や教育制度の硬直性が社会人の成長を妨げている点が強調されています。また、教育の公平性や多様な学びの評価が求められていることも重要な論点です。,48,1_7,8.789073700181962,162.0,0.405
2,2_322,OTC類似薬の保険適用に関する懸念と医療アクセスの制限,この意見グループは、OTC類似薬の保険適用がなくなることによる医療アクセスの制限や、患者への負担増加に関する懸念が中心です。特に、OTC類似薬の保険適用の不透明さや、医療政策における市販薬の活用が十分に考慮されていない点が指摘されています。また、OTC医薬品の乱用や消費者への注意喚起の不足も問題視されています。,16,1_5,23.077189176365213,16.0,0.04
2,2_246,リスキリング支援の不備と多様性の欠如,この意見グループは、全国民のリスキリングが求められる中で、現在の支援制度や環境が不十分であることに焦点を当てています。具体的には、リスキリング支援策の具体化不足、学歴要件の不適切さ、採用選考の公正性の欠如、進路選択肢の多様性不足などが挙げられ、誰もが学び挑戦できる環境の整備が急務であることが強調されています。,22,1_7,6.506287783180378,352.0,0.88
2,2_157,子育て支援の充実と環境整備の必要性,この意見グループは、子育て世帯が直面している様々な課題に焦点を当てています。具体的には、緑豊かな住環境の不足、病児保育や学童保育の充実、保護者サポートの欠如、地域の保育サービスの連携不足などが挙げられます。これらの意見は、安心して子どもを育てられる環境を整えるための支援策の強化が求められていることを示しています。,28,1_2,8.379101842691043,190.0,0.475
2,2_150,教員の働き方改革と業務効率化の必要性,この意見グループは、教員の働き方に関する多様な問題を指摘しており、ICTインフラの未整備や長時間労働、業務負荷の増大、待遇の不十分さなどが教員の効率的な働き方を妨げていることに焦点を当てています。また、教員の業務が多様化している中で、適切な評価や報酬が欠如していることも問題視されており、全体として教員の働き方の改善が急務であることが強調されています。,46,1_9,9.486814092428638,121.0,0.3025
2,2_136,個別最適化教育の必要性と現行制度の課題,この意見グループは、教育における個別最適化の重要性と、現行の一斉授業型教育システムが持つ画一性の問題に焦点を当てています。個々の学習ニーズや興味に応じた支援が不足しているため、生徒の多様な進路や全人的成長が妨げられているという懸念が表れています。また、教育政策が個別最適化された学びを十分に提供できていないことや、早期の学習支援が不十分であることも指摘されています。,65,1_7,11.409958545172664,73.0,0.1825
2,2_65,原子力政策における放射性廃棄物処分の未解決問題,この意見グループは、原子力政策に関連する放射性廃棄物の最終処分問題が未解決であることに焦点を当てています。具体的には、高レベル放射性廃棄物の処理や管理に関する政策の不備、国の責任の不明確さ、エネルギー政策における放射性廃棄物対策の不足、そして核廃棄物問題に対する具体的な行動が欠如している点が強調されています。これらの問題は、将来世代への負担や地域社会への影響を考慮する上で重要な課題です。,77,1_13,9.343594245117139,129.0,0.3225
2,2_81,企業団体献金の透明性と倫理性に関する懸念,この意見グループは、企業や団体からの献金が政治に与える影響やその透明性に対する懸念が中心です。特に、献金制度の不透明さや倫理的な問題、政策決定プロセスへの影響、国土保全の不十分さなどが指摘されており、現行の制度に対する改善の必要性が強調されています。,21,1_18,7.46398160158901,269.0,0.6725
2,2_355,日本の税制と社会保障制度における不公平感と複雑性の解消,この意見グループは、日本の現行の税制や社会保障制度における不公平感や複雑さに対する懸念が中心です。特に、年収の壁やふるさと納税制度の問題、確定申告制度の不備が指摘されており、これらが国民の経済行動や就業意欲に悪影響を及ぼしていることが強調されています。また、税負担の公平性や地方財政の適切な運用についても見直しが求められています。,35,1_17,7.403803174083627,279.0,0.6975
2,2_362,福祉政策の不備と支援の不足に関する懸念,この意見グループは、現行の福祉政策が不明確であり、具体的な支援が不足していることに対する懸念が中心です。特に、社会的養護やヤングケアラー、ケアラー支援、精神保健福祉など、さまざまな側面での支援が不十分であることが指摘されています。また、孤独死や高齢化に伴う問題、理容・美容サービスの役割の軽視など、福祉政策全体の見直しが求められています。,44,1_7,6.477702943039389,355.0,0.8875
2,2_350,保育制度の地域格差と支援体制の不備,この意見グループは、産後の保育園利用に関する制度や支援体制の不十分さ、地域間の格差に対する懸念が中心です。特に、保育園と幼稚園の間の制度的・経済的格差、保育料の地域差、自治体間の認定基準の違いが問題視されており、子育て支援制度の改善が求められています。また、育休中の保育園利用や復職支援の不足、保育情報の提供方法の不十分さも指摘されています。,24,1_2,7.985001222351626,220.0,0.55
2,2_238,多様なパートナーシップの法的保護と社会的理解の不足,この意見グループは、多様なパートナーシップに対する法的な整備や社会的な認識が不十分であることに焦点を当てています。特に、同性婚制度の未整備やパートナーシップ制度の法制化が進んでいないことが、平等な権利の確保やコミュニケーション不足を引き起こしているという懸念が表れています。また、社会全体での多様なパートナーシップに対する理解や支援が不足していることも指摘されています。,16,1_1,11.648299657027206,63.0,0.1575
2,2_368,少子高齢化に伴う社会構造の変化とその影響,この意見グループは、少子高齢化が日本社会に与える多面的な影響についての懸念が中心です。具体的には、労働力不足、社会保障制度への圧力、世代間の負担不均衡、経済的な不確実性、そして社会的弱者への支援不足など、少子高齢化に関連する構造的課題が指摘されています。また、これらの問題に対する具体的な対応策の欠如や、政策決定における実証データの重要性も強調されています。,60,1_17,7.911119202395323,226.0,0.565
2,2_78,教育現場におけるICT環境と支援体制の整備不足,この意見グループは、教育現場におけるICT機器の導入や活用が進まない理由として、教員の時間的余裕の欠如やICT支援体制の不足、特に就学前教育や英語教育における具体的な活用方法の欠如が挙げられています。また、ICT支援員の待遇や専門知識を持つ人材の不足、学校インフラの不十分さが教育の質に影響を与えていることが強調されています。,20,1_9,9.54943068785121,115.0,0.2875
2,2_100,オーバーツーリズムによる地域社会への影響と対策の必要性,この意見グループは、観光地におけるオーバーツーリズムが地域社会や環境に与える悪影響に焦点を当てています。観光客の過度な集中が地域住民の生活や公共交通機関、文化財、自然環境に負担をかけていることが問題視されており、これに対する具体的な対策が求められています。,19,1_20,20.580258141577744,21.0,0.0525
2,2_333,小1の壁と育児支援の課題,この意見グループは、小学校入学時に親や子供が直面する『小1の壁』に関する様々な負担や課題を中心に構成されています。特に、仕事と育児の両立が難しくなることや、適切な放課後のケアが受けられないこと、さらには政策的な対策が不十分であることが強調されています。また、障がいのある子どもに関連する『就学の壁』や、保育園不足による「2歳児の壁」問題も言及されており、育児支援策の改善が求められています。,17,1_2,16.094284827902122,27.0,0.0675
2,2_392,男性に対するHPVワクチン接種助成の必要性とジェンダー平等の推進,この意見グループは、男性に対するHPVワクチン接種の公費助成が必要であるという主張を中心に構成されています。男性はHPV関連疾患に対する予防対策が不十分であり、接種率の向上が求められています。また、男女間での接種における不均衡や不平等が指摘されており、これがジェンダー平等な予防医療の環境整備を妨げているとの意見が多く見られます。公費助成の実現には多角的な議論が必要であることも強調されています。,14,1_5,41.355993458446605,6.0,0.015
2,2_235,社会制度と経済活動の効率化に向けた改革の必要性,この意見グループは、現行の社会制度や経済活動における非効率性や不合理性に対する懸念が中心です。特に、予算の効率的な運用、ダークパターンの影響、法律間の不整合、そして新技術の活用が求められている点が強調されています。また、経済的格差や監視体制の不十分さ、共生社会の実現に向けた具体的な政策の不足も指摘されており、これらの課題に対する改革の必要性が訴えられています。,32,1_18,6.855429249526345,327.0,0.8175
2,2_56,無痛分娩に関する経済的負担と医療体制の課題,この意見グループは、無痛分娩に関連する経済的な負担や医療体制の不備に焦点を当てています。具体的には、無痛分娩の助成が不公平であること、選択肢が限られていること、地域間の格差、情報提供の不足、そして分娩費用の変動や不透明さが問題視されています。また、無痛分娩を受けるための経済的な障壁が妊婦に影響を与えていることも強調されています。,37,1_3,10.821090070613355,84.0,0.21
2,2_394,育児と仕事の両立を阻む環境の改善と支援の必要性,この意見グループは、保護者が育児と職業を両立する際に直面する様々な課題に焦点を当てています。具体的には、育児に専念できる環境の不十分さ、病児保育や保育施設の不足、保護者の孤立感、そして多様な保護者への支援の欠如が挙げられます。これらの要因が、保護者が安心して働くことを妨げており、育児と仕事の両立を困難にしています。,20,1_2,7.310569198532199,285.0,0.7125
2,2_343,地域コミュニティの再生と持続可能な発展に向けた課題,この意見グループは、地域コミュニティの弱体化や人口減少、高齢化に伴う様々な課題に焦点を当てています。地域社会の活力を取り戻すためには、交流機会の創出や賃上げ、行政サービスの見直し、世代間交流の促進などが必要であると強調されています。また、地域の持続可能な生活基盤の構築や多様なニーズへの対応が求められており、地域コミュニティの強化が急務であることが示されています。,52,1_18,10.037810495600093,103.0,0.2575
2,2_63,現行環境政策の不足と改善の必要性,この意見グループは、現行の環境政策が生物多様性の保全や核融合技術の開発、環境問題への包括的な対応において不十分であることを指摘しています。また、政策のアップデートが遅れていることや、具体的なアクションプランの欠如、経済的インセンティブとの結びつきが不足している点が強調されており、持続可能な社会の構築に向けた新たな政策の必要性が訴えられています。,42,1_13,9.794298815013473,107.0,0.2675
2,2_385,観光業の持続可能性と地域社会への影響,この意見グループは、観光業が地域文化や暮らしに与える影響、持続可能な観光の必要性、観光政策の不備、地域住民への負担など、観光業の発展と地域社会の調和を求める声が中心です。特に、観光客の増加に伴う環境問題や地域経済への影響、外国人観光客への対応の課題が強調されています。,34,1_20,9.774542412260331,108.0,0.27
2,2_154,単身赴任者と少子化対策における税制の不備,この意見グループは、単身赴任者に対する税制上の配慮が不足していることや、現行の税制が少子化問題に十分に対応できていない点に焦点を当てています。特に、手当や減税の適用基準が不適切であり、経済的負担を軽減するための支援が不十分であることが指摘されています。,9,1_3,5.6313801964452805,386.0,0.965
2,2_23,日本の農業と食料供給の持続可能性に関する課題,この意見グループは、日本の農業と食料供給における持続可能性の向上に向けた様々な課題を指摘しています。GIS技術の未活用、兼業農家への支援不足、耕作放棄地の増加、農産物価格の不安定化、物価高の影響、農業への投資不足などが挙げられ、これらが食料供給の安定性や生産者の所得に悪影響を及ぼしていることが共通のテーマとなっています。また、知的財産の保護や水産資源管理の不十分さも重要な論点として浮かび上がっています。,22,1_11,7.769962446646663,240.0,0.6
2,2_364,日本におけるデジタル赤字とデジタルデバイドの深刻化,この意見グループは、日本のデジタル赤字の拡大とそれに伴うデジタルデバイドの問題に焦点を当てています。デジタル赤字が6.7兆円に達するなど、財政的な影響が大きく、政策の不透明性や具体的な理解の不足が指摘されています。また、AIやデジタル技術の活用が進む中で、すべての人がその恩恵を受けられない状況が懸念されており、早急な対応が求められています。,20,1_8,10.5172740746057,89.0,0.2225
2,2_294,金融所得課税の見直しと経済活性化の必要性,この意見グループは、現行の金融所得課税が国民の資産形成や投資意欲を阻害しているという懸念に焦点を当てています。特に、二重課税の問題や課税制度の不明確さが、投資へのインセンティブを低下させ、経済成長を妨げる要因として指摘されています。また、国際的な協調なしに課税を強化することによる資産流出のリスクや、租税回避行動を誘発する可能性についても言及されています。全体として、金融所得課税の改善が求められ、経済全体の活性化に向けた議論が必要であることが示されています。,23,1_17,16.253060219953866,26.0,0.065
2,2_351,結婚制度における男女平等と多様性の保障,この意見グループは、結婚制度における男女間の不平等や性的少数者の権利の不足に対する認識を示しています。現行の制度が人権や自由を十分に尊重していないこと、また、婚姻における平等が保障されていない現状に対する問題提起が中心です。特に、結婚の自由をすべての人に提供する必要性や、宗教的背景を持つ人々のニーズに応えることの重要性が強調されています。,15,1_1,5.5338936811666555,390.0,0.975
2,2_304,資源管理と環境保護の統合的アプローチの必要性,この意見グループは、資源の効率的な利用と環境保護の観点から、現在の資源管理体制や政策が不十分であることを指摘しています。特に、海洋資源や水資源の保護、リサイクル技術の活用、持続可能な開発の重要性が強調されており、これらの課題に対する統合的なアプローチが求められています。,38,1_11,6.555600136740889,347.0,0.8675
2,2_124,ガソリン税制度の透明性と公平性の確保,この意見グループは、ガソリン税の暫定税率に関する不透明さや不公平感、経済的負担についての懸念が中心です。特に、地方居住者や物価高騰の影響を受ける家庭に対する負担感、またガソリン税が環境問題への対策として機能していない点が指摘されています。さらに、政策の目的や実行条件の不明確さが無責任な政策決定を招く可能性についても言及されています。,17,1_13,37.19420923588368,9.0,0.0225
2,2_326,夫婦同姓制度とジェンダー平等の課題,この意見グループは、夫婦が同じ姓を使用することが法的に強制されている現行制度が、ジェンダー平等に対する重大な問題であると指摘しています。特に、選択的夫婦別姓制度の欠如や、氏名変更に関する制度変更に対する国民的理解の不足が、ジェンダー不平等を助長しているという懸念が表れています。,8,1_1,9.229264107416915,136.0,0.34
2,2_275,子育て世帯と多子世帯への包括的支援の必要性,この意見グループは、子育て世帯や多子世帯が直面している経済的、社会的な課題に焦点を当てています。特に、社会保険料や住宅問題、精神的な孤立、支援策の不公平感など、子育てに関する負担が大きいことが強調されています。また、現行の支援策が不十分であり、家庭内の負担や地域差を考慮した支援が求められている点が共通しています。,45,1_3,7.208404914530742,295.0,0.7375
2,2_316,AI導入における戦略的課題と具体性の欠如,この意見グループは、自治体や政府のAI導入に関する戦略が不十分であり、特に外交・防衛分野や環境負荷、包摂性、インフラ整備などの具体的な指針や実行計画が欠けている点に焦点を当てています。また、AI技術の活用が現場のニーズに応えられていないことや、技術依存による人間関係の希薄化、倫理的視点の不足など、幅広い課題が指摘されています。,29,1_14,6.899269592774963,323.0,0.8075
2,2_214,現役世代への過重な経済的負担とその軽減の必要性,この意見グループは、現役世代が直面している経済的負担の増加に関する懸念が中心です。特に、相続税や所得税、雇用慣行、福祉制度の不十分さなどが指摘され、現役世代が過重な負担を強いられていることが強調されています。また、これらの負担を軽減するための政策や支援の必要性が訴えられています。,27,1_17,9.735231098904652,109.0,0.2725
2,2_378,オーダーメイドカリキュラムの実施における課題と教員負担の増加,この意見グループは、オーダーメイドカリキュラムの導入に関する具体的な課題や問題点に焦点を当てています。特に、教員に過度な負担をかける現行の教育システムや、カリキュラム開発の計画不足、協働学習や地域連携の欠如、漢字学習の重要性の認識不足などが挙げられています。また、教師の数が不足しているために個別対応が難しいことや、具体的な実現方法が不明確であることも指摘されています。,10,1_7,17.91255109979524,22.0,0.055
2,2_335,AIメンタルアシスタントの安全性と機能に関する懸念,この意見グループは、AIメンタルアシスタントの安全性やプライバシー保護が不十分であること、機能が明確でないことが利用者の混乱や不安を引き起こす可能性についての懸念が中心です。また、AIアシスタントに対する依存や誤った意思決定のリスク、サポート体制の不足など、利用者のニーズに応えられていない点が指摘されています。,20,1_14,12.99366616359096,45.0,0.1125
2,2_359,デジタル民主主義における市民参加の不足とその課題,この意見グループは、日本のデジタル民主主義における市民参加の不足に関する懸念が中心です。特に、デジタル環境での市民の意見反映や参加機会の欠如、高齢者を含むすべての国民が参加できる基盤の不備、そして技術革新を活用した市民参加の機会が不足している点が強調されています。また、現行の民主主義制度がデジタル技術を十分に活用できていないことや、デジタル化による地域活動への参加の困難さも指摘されています。,43,1_15,8.71624582962227,166.0,0.415
2,2_207,国家戦略と産業基盤の持続可能性に関する課題,この意見グループは、国家戦略の欠如や産業基盤の担い手不足、特に農業や半導体産業における地政学リスク、技術革新の不足、そして社会的価値のあるイノベーション創出の阻害要因に焦点を当てています。これらの問題は、長期的な視点での国家戦略の必要性や、持続可能な産業基盤の構築に向けた取り組みの重要性を示唆しています。,21,1_11,6.181107324240397,365.0,0.9125
2,2_380,日本の科学技術力向上に向けた人材育成と資金配分の課題,この意見グループは、日本の科学技術力を支える若手研究者や専門人材の育成に関する様々な課題を指摘しています。具体的には、研究資金の短期成果主義や非効率な配分、基礎研究への支援不足、研究者間の連携不足、そして海外からの人材受け入れに関する懸念が中心です。これらの要因が相まって、日本の科学技術分野の発展を妨げているという認識が共有されています。,26,1_9,6.858798519635611,326.0,0.815
2,2_354,行政サービスのデジタル化における課題と改善の必要性,この意見グループは、行政サービスのデジタル化が遅れていることに関する様々な課題を指摘しています。具体的には、計画や目標の不在、デジタルデバイド、技術力不足、地域間の格差、心理的ハードル、デジタル人材の不足などが挙げられ、これらが行政サービスの利便性向上を妨げていることが強調されています。また、デジタル化の進展が地域や利用者に与える影響についても言及されており、全体としてデジタル化の推進とその効果的な実施が求められています。,35,1_8,8.403821158436887,187.0,0.4675
2,2_156,EBPMの実践不足とデータ活用の課題,この意見グループは、エビデンスに基づく政策立案（EBPM）の実践が不足していることに焦点を当てています。具体的には、データの利活用が不十分であり、政策形成におけるEBPMの具体的施策や効果的な推進が欠如している点、また、エビデンスの開示や行政職員のデータ分析能力の不足が問題視されています。これにより、政策決定においてエビデンスが十分に活用されていない現状が浮き彫りになっています。,14,1_14,47.355006500416515,5.0,0.0125
2,2_263,日本における少子化の多面的要因と社会的影響,この意見グループは、日本における少子化問題の深刻さとその多様な要因に焦点を当てています。結婚率の低下、晩婚化、未婚化、富の偏在、教育の進学率上昇、親子関係の不明確さなど、少子化を引き起こす要因が複合的に絡み合っていることが示されています。また、少子化は単なる出生率の問題ではなく、社会全体の価値観やライフプランの柔軟性に関わる重要な課題であることが強調されています。,29,1_3,10.246199887070311,95.0,0.2375
2,2_358,現代の政治制度とメディア運営の改革要求,この意見グループは、既存の議会制度やNHKの運営に対する不満や改革の必要性を強調しています。特に、被選挙権年齢の制限やNHK受信料制度の不備、選挙制度の透明性の欠如が指摘されており、これらが若者の政治参加や国民のメディア利用に影響を与えていると考えられています。現行の制度が時代に合わなくなっていることから、見直しや改革が求められています。,21,1_16,5.934472582269643,374.0,0.935
2,2_30,国家安全保障と国土強靭化の必要性,この意見グループは、国家と国民を外国からの情報戦や干渉から守る必要性、国土の強靭化や治安維持に関する政策の不十分さ、そして防衛費の増額や再評価の必要性に焦点を当てています。特に、国家の主権や国民の安全が脅かされている現状に対する懸念が強く、これらの問題に対する具体的な対策が求められています。,22,1_10,6.7703679391041085,332.0,0.83
2,2_281,PTA改革の必要性と保護者への負担軽減,この意見グループは、現在のPTAや保護者会の制度が保護者に過剰な負担をかけており、特に復職準備期間や中高生の地域活動に対応できていない点に焦点を当てています。また、強制加入や任意加入の形骸化、プライバシーや人権の侵害といった問題が指摘されており、これらの課題を解決するためのPTA改革の必要性が強調されています。,20,1_2,25.638610422578523,13.0,0.0325
2,2_210,同性カップルの法的権利と平等の保障に関する課題,この意見グループは、同性カップルが法的に認められていないことによる権利の不平等や社会的差別についての懸念が中心です。特に、同性婚が法制化されていないことが、同性カップルの法的保護や権利の保障を妨げており、これが生活の安定性や社会的な平等に対する障壁となっている点が強調されています。,29,1_1,12.57229228827937,48.0,0.12
2,2_264,デジタル民主主義における偽情報と情報操作の脅威,この意見グループは、デジタル民主主義の発展において、偽情報や情報操作が重大な脅威となっていることに焦点を当てています。特に、フェイクニュースやAIを利用した世論操作、情報アクセスの格差が健全な議論や公平な政治参加を妨げているという懸念が表れています。これにより、民主主義の基盤が揺らぐ可能性が示唆されています。,15,1_15,9.337062494145743,130.0,0.325
2,2_53,花粉症対策の必要性と政策的対応の不足,この意見グループは、花粉症が国民病として広がっている現状に対し、個々の患者の症状や原因に応じた多様な対策が求められていることを強調しています。また、花粉症対策が不十分であり、特に政策的な対応や情報基盤の整備が不足している点が指摘されています。さらに、花粉症の発症原因やメカニズムの解明が進んでいないことも、効果的な対策の実現を妨げている要因として挙げられています。,17,1_4,294.01880859739265,1.0,0.0025
2,2_225,自衛隊の憲法上の地位と法的明確性の必要性,この意見グループは、自衛隊の存在や役割が日本国憲法において明確に規定されていないことに対する懸念を中心に構成されています。自衛隊の法的地位の不明確さが国際的な信頼性や安全保障政策に影響を与える可能性があること、また憲法改正において自衛隊の位置付けや交戦規定、海外活動に関する方針が議論される必要性が強調されています。,19,1_16,31.792733779231312,10.0,0.025
2,2_101,現代社会における戸籍制度の見直しと多様性の尊重,この意見グループは、現行の戸籍制度が時代遅れであり、法的な取り扱いや表現が不明確であること、また多様な家族観や個人の価値観が十分に反映されていない点に焦点を当てています。特に、出生時のDNA鑑定の制度化や同性婚の法制化を通じて、現代の社会における多様性を尊重し、戸籍制度の改善が求められています。,12,1_1,5.608457764264738,387.0,0.9675
2,2_345,経済的困難が子育てと将来設計に与える影響,この意見グループは、経済的な不安定さや資産形成の選択肢の限界が、特に若年層や子育て世帯において出産や子育てに対する不安を引き起こし、住宅確保や支援制度の不十分さが問題視されています。また、親の孤立や地域社会からの疎外感も指摘されており、これらの要因が子どもの権利や家庭の幸福に影響を与えていることが強調されています。,20,1_3,4.633942896127056,399.0,0.9975
2,2_11,教育現場におけるメンタルヘルス支援の不足とその影響,この意見グループは、教育システム内でのメンタルヘルスケアの不足や、特に若者に対する支援策が不十分であることに焦点を当てています。学習機会へのアクセスやメンタルヘルスの重要性が軽視されていることが、個人の生活の質や社会全体の生産性に悪影響を及ぼしているという懸念が表れています。,14,1_7,6.512972399732077,351.0,0.8775
